gid,gcode,date,home,home_score,away,away_score,national_tv
0011900001,20190930/SDSHOU,2019-09-30,HOU,140,SDS,71,NBA TV
0011900002,20191004/HOULAC,2019-10-04,LAC,96,HOU,109,NA
0011900003,20191004/INDSAC,2019-10-04,SAC,131,IND,132,NBA TV
0011900004,20191004/FRABKN,2019-10-04,BKN,137,FRA,89,NBA TV
0011900005,20191005/SACIND,2019-10-05,IND,130,SAC,106,NBA TV
0011900006,20191005/LALGSW,2019-10-05,GSW,101,LAL,123,TNT
0011900007,20191005/ORLSAS,2019-10-05,SAS,89,ORL,125,NA
0011900008,20191005/ADLUTA,2019-10-05,UTA,133,ADL,81,NA
0011900009,20191006/MACMEM,2019-10-06,MEM,123,MAC,88,NA
0011900010,20191006/CHABOS,2019-10-06,BOS,107,CHA,106,NA
0011900011,20191006/SDSLAC,2019-10-06,LAC,127,SDS,87,NBA TV
0011900012,20191007/SLACLE,2019-10-07,CLE,120,SLA,89,NA
0011900013,20191007/ORLDET,2019-10-07,DET,91,ORL,115,NA
0011900014,20191007/NYKWAS,2019-10-07,WAS,99,NYK,104,NA
0011900015,20191007/NOPATL,2019-10-07,ATL,109,NOP,133,NBA TV
0011900016,20191007/MILCHI,2019-10-07,CHI,112,MIL,122,NA
0011900017,20191008/HOUTOR,2019-10-08,TOR,134,HOU,129,NBA TV
0011900018,20191008/GUAPHI,2019-10-08,PHI,144,GUA,86,NA
0011900019,20191008/SASMIA,2019-10-08,MIA,107,SAS,89,NA
0011900020,20191008/NZBMEM,2019-10-08,MEM,108,NZB,94,NA
0011900021,20191008/DALOKC,2019-10-08,OKC,119,DAL,104,ESPN
0011900022,20191008/MINPHX,2019-10-08,PHX,111,MIN,106,NA
0011900023,20191008/DENPOR,2019-10-08,POR,94,DEN,105,ESPN
0011900024,20191009/DALDET,2019-10-09,DET,124,DAL,117,NA
0011900025,20191009/GUAWAS,2019-10-09,WAS,137,GUA,98,NA
0011900026,20191009/ORLATL,2019-10-09,ATL,88,ORL,97,NA
0011900027,20191009/MIACHA,2019-10-09,CHA,94,MIA,108,NA
0011900028,20191009/NOPCHI,2019-10-09,CHI,125,NOP,127,ESPN
0011900029,20191009/UTAMIL,2019-10-09,MIL,133,UTA,99,NA
0011900030,20191010/TORHOU,2019-10-10,HOU,118,TOR,111,NBA.com
0011900031,20191010/BKNLAL,2019-10-10,LAL,111,BKN,114,NBA TV
0011900032,20191010/NZBOKC,2019-10-10,OKC,110,NZB,84,NA
0011900033,20191010/MACPOR,2019-10-10,POR,104,MAC,68,NA
0011900034,20191010/PHXSAC,2019-10-10,SAC,105,PHX,88,NA
0011900035,20191010/MINGSW,2019-10-10,GSW,143,MIN,123,NBA TV
0011900036,20191010/DENLAC,2019-10-10,LAC,91,DEN,111,NA
0011900037,20191011/CLEDET,2019-10-11,DET,109,CLE,105,NA
0011900038,20191011/CHIIND,2019-10-11,IND,105,CHI,87,NA
0011900039,20191011/BOSORL,2019-10-11,ORL,75,BOS,100,NA
0011900040,20191011/PHICHA,2019-10-11,CHA,87,PHI,100,NA
0011900041,20191011/WASNYK,2019-10-11,NYK,99,WAS,115,NA
0011900042,20191011/UTANOP,2019-10-11,NOP,128,UTA,127,NBA TV
0011900043,20191011/MILDAL,2019-10-11,DAL,111,MIL,118,NA
0011900044,20191012/LALBKN,2019-10-12,BKN,91,LAL,77,NBA TV
0011900045,20191012/PHXPOR,2019-10-12,POR,118,PHX,134,NBA TV
0011900046,20191013/CLEBOS,2019-10-13,BOS,118,CLE,72,NBA TV
0011900047,20191013/MELLAC,2019-10-13,LAC,118,MEL,100,NA
0011900048,20191013/NOPSAS,2019-10-13,SAS,114,NOP,123,NA
0011900049,20191013/PHIORL,2019-10-13,ORL,94,PHI,126,NA
0011900050,20191013/CHITOR,2019-10-13,TOR,91,CHI,105,NA
0011900051,20191013/MILWAS,2019-10-13,WAS,108,MIL,115,NBA TV
0011900052,20191013/MACMIN,2019-10-13,MIN,131,MAC,101,NA
0011900053,20191014/ATLMIA,2019-10-14,MIA,120,ATL,87,NA
0011900054,20191014/CHAMEM,2019-10-14,MEM,99,CHA,120,NBA TV
0011900055,20191014/OKCDAL,2019-10-14,DAL,107,OKC,70,NA
0011900056,20191014/DENPHX,2019-10-14,PHX,102,DEN,107,NA
0011900057,20191014/SACUTA,2019-10-14,UTA,115,SAC,128,NA
0011900058,20191014/GSWLAL,2019-10-14,LAL,104,GSW,98,NBA TV
0011900059,20191015/BOSCLE,2019-10-15,CLE,95,BOS,118,NA
0011900060,20191015/MININD,2019-10-15,IND,111,MIN,119,NA
0011900061,20191015/DETPHI,2019-10-15,PHI,106,DET,86,NBA TV
0011900062,20191016/DETCHA,2019-10-16,CHA,110,DET,116,NA
0011900063,20191016/ATLNYK,2019-10-16,NYK,96,ATL,100,ESPN
0011900064,20191016/SASHOU,2019-10-16,HOU,114,SAS,128,NA
0011900065,20191016/MEMOKC,2019-10-16,OKC,119,MEM,124,NA
0011900066,20191016/PORUTA,2019-10-16,UTA,118,POR,126,NA
0011900067,20191016/MELSAC,2019-10-16,SAC,124,MEL,110,NA
0011900068,20191016/GSWLAL,2019-10-16,LAL,126,GSW,93,ESPN
0011900069,20191017/MIAORL,2019-10-17,ORL,98,MIA,107,NA
0011900070,20191017/ATLCHI,2019-10-17,CHI,111,ATL,93,NBA TV
0011900071,20191017/MINMIL,2019-10-17,MIL,118,MIN,96,NA
0011900072,20191017/PORDEN,2019-10-17,DEN,110,POR,104,NA
0011900073,20191017/DALLAC,2019-10-17,LAC,87,DAL,102,NBA TV
0011900074,20191018/WASPHI,2019-10-18,PHI,93,WAS,112,NA
0011900075,20191018/TORBKN,2019-10-18,BKN,107,TOR,123,NA
0011900076,20191018/HOUMIA,2019-10-18,MIA,133,HOU,144,NA
0011900077,20191018/NOPNYK,2019-10-18,NYK,116,NOP,117,TNT
0011900078,20191018/MEMSAS,2019-10-18,SAS,104,MEM,91,NA
0011900079,20191018/LALGSW,2019-10-18,GSW,124,LAL,103,NBA TV
0021900001,20191022/NOPTOR,2019-10-22,TOR,130,NOP,122,TNT
0021900002,20191022/LALLAC,2019-10-22,LAC,112,LAL,102,TNT
0021900003,20191023/CHICHA,2019-10-23,CHA,126,CHI,125,NA
0021900004,20191023/DETIND,2019-10-23,IND,110,DET,119,NA
0021900005,20191023/CLEORL,2019-10-23,ORL,94,CLE,85,NA
0021900006,20191023/MINBKN,2019-10-23,BKN,126,MIN,127,NA
0021900007,20191023/MEMMIA,2019-10-23,MIA,120,MEM,101,NA
0021900008,20191023/BOSPHI,2019-10-23,PHI,107,BOS,93,ESPN
0021900009,20191023/WASDAL,2019-10-23,DAL,108,WAS,100,NA
0021900010,20191023/NYKSAS,2019-10-23,SAS,120,NYK,111,NA
0021900011,20191023/OKCUTA,2019-10-23,UTA,100,OKC,95,NA
0021900012,20191023/SACPHX,2019-10-23,PHX,124,SAC,95,NA
0021900013,20191023/DENPOR,2019-10-23,POR,100,DEN,108,ESPN
0021900014,20191024/ATLDET,2019-10-24,DET,100,ATL,117,NA
0021900015,20191024/MILHOU,2019-10-24,HOU,111,MIL,117,TNT
0021900016,20191024/LACGSW,2019-10-24,GSW,122,LAC,141,TNT
0021900017,20191025/TORBOS,2019-10-25,BOS,112,TOR,106,NA
0021900018,20191025/MINCHA,2019-10-25,CHA,99,MIN,121,NA
0021900019,20191025/NYKBKN,2019-10-25,BKN,113,NYK,109,NA
0021900020,20191025/CHIMEM,2019-10-25,MEM,102,CHI,110,NA
0021900021,20191025/DALNOP,2019-10-25,NOP,116,DAL,123,ESPN
0021900022,20191025/WASOKC,2019-10-25,OKC,85,WAS,97,NA
0021900023,20191025/PHXDEN,2019-10-25,DEN,108,PHX,107,NA
0021900024,20191025/PORSAC,2019-10-25,SAC,112,POR,122,NA
0021900025,20191025/UTALAL,2019-10-25,LAL,95,UTA,86,ESPN
0021900026,20191026/MIAMIL,2019-10-26,MIL,126,MIA,131,NBA TV
0021900027,20191026/PHIDET,2019-10-26,DET,111,PHI,117,NA
0021900028,20191026/ORLATL,2019-10-26,ATL,103,ORL,99,NA
0021900029,20191026/BOSNYK,2019-10-26,NYK,95,BOS,118,NBA TV
0021900030,20191026/INDCLE,2019-10-26,CLE,110,IND,99,NA
0021900031,20191026/TORCHI,2019-10-26,CHI,84,TOR,108,NA
0021900032,20191026/NOPHOU,2019-10-26,HOU,126,NOP,123,NA
0021900033,20191026/WASSAS,2019-10-26,SAS,124,WAS,122,NA
0021900034,20191026/SACUTA,2019-10-26,UTA,113,SAC,81,NA
0021900035,20191026/LACPHX,2019-10-26,PHX,130,LAC,122,NBA TV
0021900036,20191027/GSWOKC,2019-10-27,OKC,120,GSW,92,NA
0021900037,20191027/BKNMEM,2019-10-27,MEM,134,BKN,133,NA
0021900038,20191027/PORDAL,2019-10-27,DAL,119,POR,121,NA
0021900039,20191027/MIAMIN,2019-10-27,MIN,116,MIA,109,NA
0021900040,20191027/CHALAL,2019-10-27,LAL,120,CHA,101,NA
0021900041,20191028/INDDET,2019-10-28,DET,96,IND,94,NA
0021900042,20191028/CHINYK,2019-10-28,NYK,105,CHI,98,NA
0021900043,20191028/PHIATL,2019-10-28,ATL,103,PHI,105,NA
0021900044,20191028/ORLTOR,2019-10-28,TOR,104,ORL,95,NA
0021900045,20191028/OKCHOU,2019-10-28,HOU,116,OKC,112,NA
0021900046,20191028/CLEMIL,2019-10-28,MIL,129,CLE,112,NA
0021900047,20191028/GSWNOP,2019-10-28,NOP,123,GSW,134,NBA TV
0021900048,20191028/PORSAS,2019-10-28,SAS,113,POR,110,NA
0021900049,20191028/UTAPHX,2019-10-28,PHX,95,UTA,96,NA
0021900050,20191028/DENSAC,2019-10-28,SAC,94,DEN,101,NA
0021900051,20191028/CHALAC,2019-10-28,LAC,111,CHA,96,NBA TV
0021900052,20191029/ATLMIA,2019-10-29,MIA,112,ATL,97,NBA TV
0021900053,20191029/DALDEN,2019-10-29,DEN,106,DAL,109,NA
0021900054,20191029/MEMLAL,2019-10-29,LAL,120,MEM,91,NBA TV
0021900055,20191030/CHICLE,2019-10-30,CLE,117,CHI,111,NA
0021900056,20191030/NYKORL,2019-10-30,ORL,95,NYK,83,NA
0021900057,20191030/MINPHI,2019-10-30,PHI,117,MIN,95,NA
0021900058,20191030/MILBOS,2019-10-30,BOS,116,MIL,105,ESPN
0021900059,20191030/INDBKN,2019-10-30,BKN,108,IND,118,NA
0021900060,20191030/DETTOR,2019-10-30,TOR,125,DET,113,NA
0021900061,20191030/HOUWAS,2019-10-30,WAS,158,HOU,159,NA
0021900062,20191030/POROKC,2019-10-30,OKC,99,POR,102,NA
0021900063,20191030/LACUTA,2019-10-30,UTA,110,LAC,96,ESPN
0021900064,20191030/CHASAC,2019-10-30,SAC,111,CHA,118,NA
0021900065,20191030/PHXGSW,2019-10-30,GSW,110,PHX,121,NA
0021900066,20191031/MIAATL,2019-10-31,ATL,97,MIA,106,TNT
0021900067,20191031/DENNOP,2019-10-31,NOP,122,DEN,107,TNT
0021900068,20191031/SASLAC,2019-10-31,LAC,103,SAS,97,NA
0021900069,20191101/HOUBKN,2019-11-01,BKN,123,HOU,116,ESPN
0021900070,20191101/CLEIND,2019-11-01,IND,102,CLE,95,NA
0021900071,20191101/MILORL,2019-11-01,ORL,91,MIL,123,NA
0021900072,20191101/NYKBOS,2019-11-01,BOS,104,NYK,102,NA
0021900073,20191101/DETCHI,2019-11-01,CHI,112,DET,106,NA
0021900074,20191101/LALDAL,2019-11-01,DAL,110,LAL,119,ESPN
0021900075,20191101/UTASAC,2019-11-01,SAC,102,UTA,101,NA
0021900076,20191101/SASGSW,2019-11-01,GSW,110,SAS,127,NA
0021900077,20191102/NOPOKC,2019-11-02,OKC,115,NOP,104,NA
0021900078,20191102/BKNDET,2019-11-02,DET,113,BKN,109,NA
0021900079,20191102/DENORL,2019-11-02,ORL,87,DEN,91,NBA TV
0021900080,20191102/MINWAS,2019-11-02,WAS,109,MIN,131,NA
0021900081,20191102/PHXMEM,2019-11-02,MEM,105,PHX,114,NA
0021900082,20191102/TORMIL,2019-11-02,MIL,115,TOR,105,NA
0021900083,20191102/CHAGSW,2019-11-02,GSW,87,CHA,93,NA
0021900084,20191102/PHIPOR,2019-11-02,POR,128,PHI,129,NBA TV
0021900085,20191103/CHIIND,2019-11-03,IND,108,CHI,95,NA
0021900086,20191103/HOUMIA,2019-11-03,MIA,129,HOU,100,NA
0021900087,20191103/SACNYK,2019-11-03,NYK,92,SAC,113,NA
0021900088,20191103/LALSAS,2019-11-03,SAS,96,LAL,103,NA
0021900089,20191103/DALCLE,2019-11-03,CLE,111,DAL,131,NA
0021900090,20191103/UTALAC,2019-11-03,LAC,105,UTA,94,NA
0021900091,20191104/DETWAS,2019-11-04,WAS,115,DET,99,NA
0021900092,20191104/NOPBKN,2019-11-04,BKN,135,NOP,125,NBA TV
0021900093,20191104/HOUMEM,2019-11-04,MEM,100,HOU,107,NA
0021900094,20191104/MILMIN,2019-11-04,MIN,106,MIL,134,NA
0021900095,20191104/PHIPHX,2019-11-04,PHX,114,PHI,109,NA
0021900096,20191104/PORGSW,2019-11-04,GSW,127,POR,118,NBA TV
0021900097,20191105/INDCHA,2019-11-05,CHA,122,IND,120,NA
0021900098,20191105/BOSCLE,2019-11-05,CLE,113,BOS,119,NA
0021900099,20191105/SASATL,2019-11-05,ATL,108,SAS,100,NA
0021900100,20191105/LALCHI,2019-11-05,CHI,112,LAL,118,NBA TV
0021900101,20191105/ORLOKC,2019-11-05,OKC,102,ORL,94,NA
0021900102,20191105/MIADEN,2019-11-05,DEN,109,MIA,89,NA
0021900103,20191106/NYKDET,2019-11-06,DET,122,NYK,102,NA
0021900104,20191106/WASIND,2019-11-06,IND,121,WAS,106,NA
0021900105,20191106/CHIATL,2019-11-06,ATL,93,CHI,113,NA
0021900106,20191106/SACTOR,2019-11-06,TOR,124,SAC,120,NA
0021900107,20191106/GSWHOU,2019-11-06,HOU,129,GSW,112,ESPN
0021900108,20191106/MINMEM,2019-11-06,MEM,137,MIN,121,NA
0021900109,20191106/ORLDAL,2019-11-06,DAL,107,ORL,106,NA
0021900110,20191106/PHIUTA,2019-11-06,UTA,106,PHI,104,NA
0021900111,20191106/MILLAC,2019-11-06,LAC,124,MIL,129,ESPN
0021900112,20191107/BOSCHA,2019-11-07,CHA,87,BOS,108,TNT
0021900113,20191107/OKCSAS,2019-11-07,SAS,121,OKC,112,NA
0021900114,20191107/MIAPHX,2019-11-07,PHX,108,MIA,124,NA
0021900115,20191107/PORLAC,2019-11-07,LAC,107,POR,101,TNT
0021900116,20191108/DETIND,2019-11-08,IND,112,DET,106,NA
0021900117,20191108/MEMORL,2019-11-08,ORL,118,MEM,86,NA
0021900118,20191108/CLEWAS,2019-11-08,WAS,100,CLE,113,ESPN
0021900119,20191108/SACATL,2019-11-08,ATL,109,SAC,121,NA
0021900120,20191108/GSWMIN,2019-11-08,MIN,125,GSW,119,NA
0021900121,20191108/TORNOP,2019-11-08,NOP,104,TOR,122,NA
0021900122,20191108/NYKDAL,2019-11-08,DAL,102,NYK,106,NA
0021900123,20191108/PHIDEN,2019-11-08,DEN,100,PHI,97,NA
0021900124,20191108/MILUTA,2019-11-08,UTA,103,MIL,100,NA
0021900125,20191108/BKNPOR,2019-11-08,POR,115,BKN,119,NA
0021900126,20191108/MIALAL,2019-11-08,LAL,95,MIA,80,NBA TV
0021900127,20191109/BOSSAS,2019-11-09,SAS,115,BOS,135,NA
0021900128,20191109/NOPCHA,2019-11-09,CHA,110,NOP,115,NA
0021900129,20191109/HOUCHI,2019-11-09,CHI,94,HOU,117,NA
0021900130,20191109/DALMEM,2019-11-09,MEM,122,DAL,138,NA
0021900131,20191109/GSWOKC,2019-11-09,OKC,114,GSW,108,NA
0021900132,20191110/DENMIN,2019-11-10,MIN,98,DEN,100,NA
0021900133,20191110/INDORL,2019-11-10,ORL,102,IND,109,NA
0021900134,20191110/CHAPHI,2019-11-10,PHI,114,CHA,106,NA
0021900135,20191110/MILOKC,2019-11-10,OKC,119,MIL,121,NA
0021900136,20191110/CLENYK,2019-11-10,NYK,87,CLE,108,NA
0021900137,20191110/BKNPHX,2019-11-10,PHX,138,BKN,112,NA
0021900138,20191110/ATLPOR,2019-11-10,POR,124,ATL,113,NA
0021900139,20191110/TORLAL,2019-11-10,LAL,104,TOR,113,NA
0021900140,20191111/MINDET,2019-11-11,DET,114,MIN,120,NA
0021900141,20191111/DALBOS,2019-11-11,BOS,116,DAL,106,NBA TV
0021900142,20191111/HOUNOP,2019-11-11,NOP,116,HOU,122,NA
0021900143,20191111/MEMSAS,2019-11-11,SAS,109,MEM,113,NA
0021900144,20191111/UTAGSW,2019-11-11,GSW,108,UTA,122,NA
0021900145,20191111/TORLAC,2019-11-11,LAC,98,TOR,88,NBA TV
0021900146,20191112/OKCIND,2019-11-12,IND,111,OKC,85,NA
0021900147,20191112/CLEPHI,2019-11-12,PHI,98,CLE,97,NBA TV
0021900148,20191112/DETMIA,2019-11-12,MIA,117,DET,108,NA
0021900149,20191112/NYKCHI,2019-11-12,CHI,120,NYK,102,NA
0021900150,20191112/ATLDEN,2019-11-12,DEN,121,ATL,125,NA
0021900151,20191112/LALPHX,2019-11-12,PHX,115,LAL,123,NA
0021900152,20191112/BKNUTA,2019-11-12,UTA,119,BKN,114,NA
0021900153,20191112/PORSAC,2019-11-12,SAC,107,POR,99,NBA TV
0021900154,20191113/MEMCHA,2019-11-13,CHA,117,MEM,119,NA
0021900155,20191113/PHIORL,2019-11-13,ORL,112,PHI,97,NA
0021900156,20191113/WASBOS,2019-11-13,BOS,140,WAS,133,NA
0021900157,20191113/LACHOU,2019-11-13,HOU,102,LAC,93,ESPN
0021900158,20191113/SASMIN,2019-11-13,MIN,129,SAS,114,NA
0021900159,20191113/GSWLAL,2019-11-13,LAL,120,GSW,94,ESPN
0021900160,20191113/TORPOR,2019-11-13,POR,106,TOR,114,NA
0021900161,20191114/MIACLE,2019-11-14,CLE,97,MIA,108,NA
0021900162,20191114/DALNYK,2019-11-14,NYK,106,DAL,103,TNT
0021900163,20191114/CHIMIL,2019-11-14,MIL,124,CHI,115,NA
0021900164,20191114/LACNOP,2019-11-14,NOP,132,LAC,127,NA
0021900165,20191114/ATLPHX,2019-11-14,PHX,128,ATL,112,NA
0021900166,20191114/BKNDEN,2019-11-14,DEN,101,BKN,93,TNT
0021900167,20191115/DETCHA,2019-11-15,CHA,109,DET,106,NA
0021900168,20191115/SASORL,2019-11-15,ORL,111,SAS,109,NA
0021900169,20191115/INDHOU,2019-11-15,HOU,111,IND,102,NA
0021900170,20191115/UTAMEM,2019-11-15,MEM,107,UTA,106,ESPN
0021900171,20191115/WASMIN,2019-11-15,MIN,116,WAS,137,NA
0021900172,20191115/PHIOKC,2019-11-15,OKC,127,PHI,119,NA
0021900173,20191115/BOSGSW,2019-11-15,GSW,100,BOS,105,ESPN
0021900174,20191115/SACLAL,2019-11-15,LAL,99,SAC,97,NA
0021900175,20191116/BKNCHI,2019-11-16,CHI,111,BKN,117,NBA TV
0021900176,20191116/MILIND,2019-11-16,IND,83,MIL,102,NA
0021900177,20191116/CHANYK,2019-11-16,NYK,102,CHA,103,NA
0021900178,20191116/NOPMIA,2019-11-16,MIA,109,NOP,94,NA
0021900179,20191116/HOUMIN,2019-11-16,MIN,105,HOU,125,NA
0021900180,20191116/TORDAL,2019-11-16,DAL,110,TOR,102,NA
0021900181,20191116/PORSAS,2019-11-16,SAS,116,POR,121,NA
0021900182,20191116/ATLLAC,2019-11-16,LAC,150,ATL,101,NA
0021900183,20191117/PHICLE,2019-11-17,CLE,95,PHI,114,NA
0021900184,20191117/BOSSAC,2019-11-17,SAC,100,BOS,99,NA
0021900185,20191117/WASORL,2019-11-17,ORL,125,WAS,121,NA
0021900186,20191117/DENMEM,2019-11-17,MEM,114,DEN,131,NA
0021900187,20191117/GSWNOP,2019-11-17,NOP,108,GSW,100,NA
0021900188,20191117/ATLLAL,2019-11-17,LAL,122,ATL,101,NA
0021900189,20191118/CLENYK,2019-11-18,NYK,123,CLE,105,NA
0021900190,20191118/INDBKN,2019-11-18,BKN,86,IND,115,NA
0021900191,20191118/CHATOR,2019-11-18,TOR,132,CHA,96,NA
0021900192,20191118/MILCHI,2019-11-18,CHI,101,MIL,115,NA
0021900193,20191118/PORHOU,2019-11-18,HOU,132,POR,108,NBA TV
0021900194,20191118/SASDAL,2019-11-18,DAL,117,SAS,110,NA
0021900195,20191118/BOSPHX,2019-11-18,PHX,85,BOS,99,NA
0021900196,20191118/MINUTA,2019-11-18,UTA,102,MIN,112,NA
0021900197,20191118/OKCLAC,2019-11-18,LAC,90,OKC,88,NA
0021900198,20191119/GSWMEM,2019-11-19,MEM,95,GSW,114,NA
0021900199,20191119/PORNOP,2019-11-19,NOP,115,POR,104,NBA TV
0021900200,20191119/PHXSAC,2019-11-19,SAC,120,PHX,116,NA
0021900201,20191119/OKCLAL,2019-11-19,LAL,112,OKC,107,NBA TV
0021900202,20191120/NYKPHI,2019-11-20,PHI,109,NYK,104,NA
0021900203,20191120/SASWAS,2019-11-20,WAS,138,SAS,132,NA
0021900204,20191120/MILATL,2019-11-20,ATL,127,MIL,135,NA
0021900205,20191120/CHABKN,2019-11-20,BKN,101,CHA,91,NA
0021900206,20191120/CLEMIA,2019-11-20,MIA,124,CLE,100,NA
0021900207,20191120/ORLTOR,2019-11-20,TOR,113,ORL,97,NA
0021900208,20191120/GSWDAL,2019-11-20,DAL,142,GSW,94,ESPN
0021900209,20191120/DETCHI,2019-11-20,CHI,109,DET,89,NA
0021900210,20191120/UTAMIN,2019-11-20,MIN,95,UTA,103,NA
0021900211,20191120/HOUDEN,2019-11-20,DEN,105,HOU,95,NA
0021900212,20191120/BOSLAC,2019-11-20,LAC,107,BOS,104,ESPN
0021900213,20191121/PORMIL,2019-11-21,MIL,137,POR,129,TNT
0021900214,20191121/NOPPHX,2019-11-21,PHX,121,NOP,124,TNT
0021900215,20191122/ATLDET,2019-11-22,DET,128,ATL,103,NA
0021900216,20191122/CHAWAS,2019-11-22,WAS,125,CHA,118,NA
0021900217,20191122/SACBKN,2019-11-22,BKN,116,SAC,97,NA
0021900218,20191122/SASPHI,2019-11-22,PHI,115,SAS,104,ESPN
0021900219,20191122/MIACHI,2019-11-22,CHI,108,MIA,116,NA
0021900220,20191122/LALOKC,2019-11-22,OKC,127,LAL,130,NA
0021900221,20191122/CLEDAL,2019-11-22,DAL,143,CLE,101,NA
0021900222,20191122/BOSDEN,2019-11-22,DEN,96,BOS,92,NA
0021900223,20191122/GSWUTA,2019-11-22,UTA,113,GSW,109,NA
0021900224,20191122/HOULAC,2019-11-22,LAC,122,HOU,119,ESPN
0021900225,20191123/PHXMIN,2019-11-23,MIN,98,PHX,100,NA
0021900226,20191123/CHICHA,2019-11-23,CHA,115,CHI,116,NA
0021900227,20191123/ORLIND,2019-11-23,IND,111,ORL,106,NA
0021900228,20191123/TORATL,2019-11-23,ATL,116,TOR,119,NA
0021900229,20191123/SASNYK,2019-11-23,NYK,104,SAS,111,NA
0021900230,20191123/MIAPHI,2019-11-23,PHI,113,MIA,86,NBA TV
0021900231,20191123/PORCLE,2019-11-23,CLE,110,POR,104,NA
0021900232,20191123/LALMEM,2019-11-23,MEM,108,LAL,109,NA
0021900233,20191123/DETMIL,2019-11-23,MIL,104,DET,90,NA
0021900234,20191123/NOPUTA,2019-11-23,UTA,128,NOP,120,NA
0021900235,20191124/DALHOU,2019-11-24,HOU,123,DAL,137,NA
0021900236,20191124/BKNNYK,2019-11-24,NYK,101,BKN,103,NA
0021900237,20191124/SACWAS,2019-11-24,WAS,106,SAC,113,NA
0021900238,20191124/PHXDEN,2019-11-24,DEN,116,PHX,104,NA
0021900239,20191124/NOPLAC,2019-11-24,LAC,134,NOP,109,NA
0021900240,20191125/BKNCLE,2019-11-25,CLE,106,BKN,108,NA
0021900241,20191125/ORLDET,2019-11-25,DET,103,ORL,88,NA
0021900242,20191125/MEMIND,2019-11-25,IND,126,MEM,114,NA
0021900243,20191125/MINATL,2019-11-25,ATL,113,MIN,125,NA
0021900244,20191125/SACBOS,2019-11-25,BOS,103,SAC,102,NA
0021900245,20191125/CHAMIA,2019-11-25,MIA,117,CHA,100,NA
0021900246,20191125/PHITOR,2019-11-25,TOR,101,PHI,96,NA
0021900247,20191125/PORCHI,2019-11-25,CHI,94,POR,117,NA
0021900248,20191125/UTAMIL,2019-11-25,MIL,122,UTA,118,NBA TV
0021900249,20191125/LALSAS,2019-11-25,SAS,104,LAL,114,NA
0021900250,20191125/OKCGSW,2019-11-25,GSW,97,OKC,100,NBA TV
0021900251,20191126/LACDAL,2019-11-26,DAL,99,LAC,114,NBA TV
0021900252,20191126/WASDEN,2019-11-26,DEN,117,WAS,104,NA
0021900253,20191127/BKNBOS,2019-11-27,BOS,121,BKN,110,ESPN
0021900254,20191127/DETCHA,2019-11-27,CHA,102,DET,101,NA
0021900255,20191127/ORLCLE,2019-11-27,CLE,104,ORL,116,NA
0021900256,20191127/UTAIND,2019-11-27,IND,121,UTA,102,NA
0021900257,20191127/SACPHI,2019-11-27,PHI,97,SAC,91,NA
0021900258,20191127/NYKTOR,2019-11-27,TOR,126,NYK,98,NA
0021900259,20191127/MIAHOU,2019-11-27,HOU,117,MIA,108,NA
0021900260,20191127/LACMEM,2019-11-27,MEM,119,LAC,121,NA
0021900261,20191127/ATLMIL,2019-11-27,MIL,111,ATL,102,NA
0021900262,20191127/MINSAS,2019-11-27,SAS,101,MIN,113,NA
0021900263,20191127/WASPHX,2019-11-27,PHX,132,WAS,140,NA
0021900264,20191127/LALNOP,2019-11-27,NOP,110,LAL,114,ESPN
0021900265,20191127/OKCPOR,2019-11-27,POR,136,OKC,119,NA
0021900266,20191127/CHIGSW,2019-11-27,GSW,104,CHI,90,NA
0021900267,20191129/BOSBKN,2019-11-29,BKN,112,BOS,107,NA
0021900268,20191129/CHADET,2019-11-29,DET,107,CHA,110,NA
0021900269,20191129/TORORL,2019-11-29,ORL,83,TOR,90,NA
0021900270,20191129/MILCLE,2019-11-29,CLE,110,MIL,119,NA
0021900271,20191129/PHINYK,2019-11-29,NYK,95,PHI,101,NA
0021900272,20191129/ATLIND,2019-11-29,IND,105,ATL,104,NA
0021900273,20191129/GSWMIA,2019-11-29,MIA,122,GSW,105,NA
0021900274,20191129/UTAMEM,2019-11-29,MEM,94,UTA,103,NA
0021900275,20191129/NOPOKC,2019-11-29,OKC,109,NOP,104,NBA TV
0021900276,20191129/LACSAS,2019-11-29,SAS,107,LAC,97,NA
0021900277,20191129/DALPHX,2019-11-29,PHX,113,DAL,120,NA
0021900278,20191129/CHIPOR,2019-11-29,POR,107,CHI,103,NA
0021900279,20191129/WASLAL,2019-11-29,LAL,125,WAS,103,NBA TV
0021900280,20191130/DENSAC,2019-11-30,SAC,100,DEN,97,NA
0021900281,20191130/INDPHI,2019-11-30,PHI,119,IND,116,NBA TV
0021900282,20191130/ATLHOU,2019-11-30,HOU,158,ATL,111,NA
0021900283,20191130/CHAMIL,2019-11-30,MIL,137,CHA,96,NA
0021900284,20191201/MIABKN,2019-12-01,BKN,106,MIA,109,NA
0021900285,20191201/BOSNYK,2019-12-01,NYK,104,BOS,113,NA
0021900286,20191201/MEMMIN,2019-12-01,MIN,107,MEM,115,NA
0021900287,20191201/DALLAL,2019-12-01,LAL,100,DAL,114,NA
0021900288,20191201/SASDET,2019-12-01,DET,132,SAS,98,NA
0021900289,20191201/OKCNOP,2019-12-01,NOP,104,OKC,107,NA
0021900290,20191201/GSWORL,2019-12-01,ORL,100,GSW,96,NA
0021900291,20191201/UTATOR,2019-12-01,TOR,130,UTA,110,NA
0021900292,20191201/WASLAC,2019-12-01,LAC,150,WAS,125,NA
0021900293,20191202/PHXCHA,2019-12-02,CHA,104,PHX,109,NA
0021900294,20191202/UTAPHI,2019-12-02,PHI,103,UTA,94,NBA TV
0021900295,20191202/GSWATL,2019-12-02,ATL,104,GSW,79,NA
0021900296,20191202/INDMEM,2019-12-02,MEM,104,IND,117,NA
0021900297,20191202/NYKMIL,2019-12-02,MIL,132,NYK,88,NA
0021900298,20191202/CHISAC,2019-12-02,SAC,106,CHI,113,NBA TV
0021900299,20191203/DETCLE,2019-12-03,CLE,94,DET,127,NA
0021900300,20191203/ORLWAS,2019-12-03,WAS,120,ORL,127,NA
0021900301,20191203/MIATOR,2019-12-03,TOR,110,MIA,121,NA
0021900302,20191203/DALNOP,2019-12-03,NOP,97,DAL,118,TNT
0021900303,20191203/HOUSAS,2019-12-03,SAS,135,HOU,133,NA
0021900304,20191203/LALDEN,2019-12-03,DEN,96,LAL,105,NA
0021900305,20191203/PORLAC,2019-12-03,LAC,117,POR,97,TNT
0021900306,20191204/GSWCHA,2019-12-04,CHA,106,GSW,91,NA
0021900307,20191204/MILDET,2019-12-04,DET,103,MIL,127,NA
0021900308,20191204/PHXORL,2019-12-04,ORL,128,PHX,114,NA
0021900309,20191204/BKNATL,2019-12-04,ATL,118,BKN,130,NA
0021900310,20191204/MIABOS,2019-12-04,BOS,112,MIA,93,NA
0021900311,20191204/MEMCHI,2019-12-04,CHI,106,MEM,99,NA
0021900312,20191204/INDOKC,2019-12-04,OKC,100,IND,107,NA
0021900313,20191204/MINDAL,2019-12-04,DAL,121,MIN,114,NA
0021900314,20191204/LALUTA,2019-12-04,UTA,96,LAL,121,NBA TV
0021900315,20191204/SACPOR,2019-12-04,POR,127,SAC,116,NA
0021900316,20191205/PHIWAS,2019-12-05,WAS,119,PHI,113,NA
0021900317,20191205/DENNYK,2019-12-05,NYK,92,DEN,129,NA
0021900318,20191205/HOUTOR,2019-12-05,TOR,109,HOU,119,NBA TV
0021900319,20191205/PHXNOP,2019-12-05,NOP,132,PHX,139,NA
0021900320,20191206/BKNCHA,2019-12-06,CHA,104,BKN,111,NA
0021900321,20191206/ORLCLE,2019-12-06,CLE,87,ORL,93,NA
0021900322,20191206/INDDET,2019-12-06,DET,108,IND,101,NA
0021900323,20191206/DENBOS,2019-12-06,BOS,108,DEN,95,ESPN
0021900324,20191206/WASMIA,2019-12-06,MIA,112,WAS,103,NA
0021900325,20191206/GSWCHI,2019-12-06,CHI,98,GSW,100,NA
0021900326,20191206/MINOKC,2019-12-06,OKC,139,MIN,127,NA
0021900327,20191206/LACMIL,2019-12-06,MIL,119,LAC,91,NA
0021900328,20191206/SACSAS,2019-12-06,SAS,105,SAC,104,NA
0021900329,20191206/LALPOR,2019-12-06,POR,113,LAL,136,ESPN
0021900330,20191207/NOPDAL,2019-12-07,DAL,130,NOP,84,NA
0021900331,20191207/INDNYK,2019-12-07,NYK,103,IND,104,NA
0021900332,20191207/CLEPHI,2019-12-07,PHI,141,CLE,94,NBA TV
0021900333,20191207/PHXHOU,2019-12-07,HOU,115,PHX,109,NA
0021900334,20191207/MEMUTA,2019-12-07,UTA,126,MEM,112,NA
0021900335,20191208/DENBKN,2019-12-08,BKN,105,DEN,102,NA
0021900336,20191208/ATLCHA,2019-12-08,CHA,107,ATL,122,NA
0021900337,20191208/CHIMIA,2019-12-08,MIA,110,CHI,105,NA
0021900338,20191208/TORPHI,2019-12-08,PHI,110,TOR,104,NA
0021900339,20191208/LACWAS,2019-12-08,WAS,119,LAC,135,NA
0021900340,20191208/SACDAL,2019-12-08,DAL,106,SAC,110,NA
0021900341,20191208/OKCPOR,2019-12-08,POR,96,OKC,108,NA
0021900342,20191208/MINLAL,2019-12-08,LAL,142,MIN,125,NA
0021900343,20191209/LACIND,2019-12-09,IND,99,LAC,110,NA
0021900344,20191209/CLEBOS,2019-12-09,BOS,110,CLE,88,NA
0021900345,20191209/TORCHI,2019-12-09,CHI,92,TOR,93,NA
0021900346,20191209/SACHOU,2019-12-09,HOU,118,SAC,119,NA
0021900347,20191209/ORLMIL,2019-12-09,MIL,110,ORL,101,NBA TV
0021900348,20191209/DETNOP,2019-12-09,NOP,103,DET,105,NA
0021900349,20191209/MINPHX,2019-12-09,PHX,125,MIN,109,NA
0021900350,20191209/OKCUTA,2019-12-09,UTA,90,OKC,104,NA
0021900351,20191209/MEMGSW,2019-12-09,GSW,102,MEM,110,NA
0021900352,20191210/WASCHA,2019-12-10,CHA,114,WAS,107,NA
0021900353,20191210/DENPHI,2019-12-10,PHI,97,DEN,92,TNT
0021900354,20191210/ATLMIA,2019-12-10,MIA,135,ATL,121,NA
0021900355,20191210/NYKPOR,2019-12-10,POR,115,NYK,87,NA
0021900356,20191211/HOUCLE,2019-12-11,CLE,110,HOU,116,NA
0021900357,20191211/BOSIND,2019-12-11,IND,122,BOS,117,NA
0021900358,20191211/LALORL,2019-12-11,ORL,87,LAL,96,NA
0021900359,20191211/LACTOR,2019-12-11,TOR,92,LAC,112,ESPN
0021900360,20191211/CHABKN,2019-12-11,BKN,108,CHA,113,NA
0021900361,20191211/ATLCHI,2019-12-11,CHI,136,ATL,102,NA
0021900362,20191211/UTAMIN,2019-12-11,MIN,116,UTA,127,NA
0021900363,20191211/MEMPHX,2019-12-11,PHX,108,MEM,115,NA
0021900364,20191211/NOPMIL,2019-12-11,MIL,127,NOP,112,ESPN
0021900365,20191211/OKCSAC,2019-12-11,SAC,94,OKC,93,NA
0021900366,20191211/NYKGSW,2019-12-11,GSW,122,NYK,124,NA
0021900367,20191212/PHIBOS,2019-12-12,BOS,109,PHI,115,TNT
0021900368,20191212/CLESAS,2019-12-12,SAS,109,CLE,117,NA
0021900369,20191212/DALDET,2019-12-12,DET,111,DAL,122,NA
0021900370,20191212/PORDEN,2019-12-12,DEN,114,POR,99,TNT
0021900371,20191213/HOUORL,2019-12-13,ORL,107,HOU,130,NA
0021900372,20191213/NOPPHI,2019-12-13,PHI,116,NOP,109,NA
0021900373,20191213/INDATL,2019-12-13,ATL,100,IND,110,NA
0021900374,20191213/LALMIA,2019-12-13,MIA,110,LAL,113,ESPN
0021900375,20191213/CHACHI,2019-12-13,CHI,73,CHA,83,NA
0021900376,20191213/MILMEM,2019-12-13,MEM,114,MIL,127,NA
0021900377,20191213/LACMIN,2019-12-13,MIN,117,LAC,124,ESPN
0021900378,20191213/NYKSAC,2019-12-13,SAC,101,NYK,103,NA
0021900379,20191213/GSWUTA,2019-12-13,UTA,114,GSW,106,NA
0021900380,20191214/SASPHX,2019-12-14,PHX,119,SAS,121,NBA TV
0021900381,20191214/BKNTOR,2019-12-14,TOR,110,BKN,102,NBA TV
0021900382,20191214/LACCHI,2019-12-14,CHI,109,LAC,106,NA
0021900383,20191214/WASMEM,2019-12-14,MEM,128,WAS,111,NA
0021900384,20191214/MIADAL,2019-12-14,DAL,118,MIA,122,NA
0021900385,20191214/CLEMIL,2019-12-14,MIL,125,CLE,108,NA
0021900386,20191214/DETHOU,2019-12-14,HOU,107,DET,115,NA
0021900387,20191214/OKCDEN,2019-12-14,DEN,110,OKC,102,NA
0021900388,20191215/ORLNOP,2019-12-15,NOP,119,ORL,130,NA
0021900389,20191215/CHAIND,2019-12-15,IND,107,CHA,85,NA
0021900390,20191215/LALATL,2019-12-15,ATL,96,LAL,101,NA
0021900391,20191215/PHIBKN,2019-12-15,BKN,109,PHI,89,NA
0021900392,20191215/NYKDEN,2019-12-15,DEN,111,NYK,105,NBA TV
0021900393,20191215/SACGSW,2019-12-15,GSW,79,SAC,100,NA
0021900394,20191216/WASDET,2019-12-16,DET,119,WAS,133,NA
0021900395,20191216/CLETOR,2019-12-16,TOR,133,CLE,113,NA
0021900396,20191216/SASHOU,2019-12-16,HOU,109,SAS,107,NA
0021900397,20191216/MIAMEM,2019-12-16,MEM,118,MIA,111,NA
0021900398,20191216/DALMIL,2019-12-16,MIL,116,DAL,120,NBA TV
0021900399,20191216/CHIOKC,2019-12-16,OKC,109,CHI,106,NA
0021900400,20191216/PORPHX,2019-12-16,PHX,110,POR,111,NA
0021900401,20191217/SACCHA,2019-12-17,CHA,110,SAC,102,NA
0021900402,20191217/LALIND,2019-12-17,IND,105,LAL,102,NBA TV
0021900403,20191217/ATLNYK,2019-12-17,NYK,143,ATL,120,NA
0021900404,20191217/BKNNOP,2019-12-17,NOP,101,BKN,108,NA
0021900405,20191217/ORLUTA,2019-12-17,UTA,109,ORL,102,NA
0021900406,20191217/PHXLAC,2019-12-17,LAC,120,PHX,99,NBA TV
0021900407,20191218/CHACLE,2019-12-18,CLE,100,CHA,98,NA
0021900408,20191218/TORDET,2019-12-18,DET,99,TOR,112,NA
0021900409,20191218/CHIWAS,2019-12-18,WAS,109,CHI,110,NA
0021900410,20191218/MIAPHI,2019-12-18,PHI,104,MIA,108,ESPN
0021900411,20191218/NOPMIN,2019-12-18,MIN,99,NOP,107,NA
0021900412,20191218/MEMOKC,2019-12-18,OKC,126,MEM,122,NA
0021900413,20191218/BOSDAL,2019-12-18,DAL,103,BOS,109,ESPN
0021900414,20191218/ORLDEN,2019-12-18,DEN,113,ORL,104,NA
0021900415,20191218/GSWPOR,2019-12-18,POR,122,GSW,112,NA
0021900416,20191219/UTAATL,2019-12-19,ATL,106,UTA,111,NA
0021900417,20191219/LALMIL,2019-12-19,MIL,111,LAL,104,TNT
0021900418,20191219/BKNSAS,2019-12-19,SAS,118,BKN,105,NA
0021900419,20191219/HOULAC,2019-12-19,LAC,117,HOU,122,TNT
0021900420,20191220/MEMCLE,2019-12-20,CLE,114,MEM,107,NA
0021900421,20191220/SACIND,2019-12-20,IND,119,SAC,105,NA
0021900422,20191220/DETBOS,2019-12-20,BOS,114,DET,93,NA
0021900423,20191220/WASTOR,2019-12-20,TOR,122,WAS,118,NA
0021900424,20191220/NYKMIA,2019-12-20,MIA,129,NYK,114,NA
0021900425,20191220/DALPHI,2019-12-20,PHI,98,DAL,117,ESPN
0021900426,20191220/PHXOKC,2019-12-20,OKC,126,PHX,108,NA
0021900427,20191220/MINDEN,2019-12-20,DEN,109,MIN,100,NA
0021900428,20191220/ORLPOR,2019-12-20,POR,118,ORL,103,NA
0021900429,20191220/NOPGSW,2019-12-20,GSW,106,NOP,102,NA
0021900430,20191221/UTACHA,2019-12-21,CHA,107,UTA,114,NA
0021900431,20191221/ATLBKN,2019-12-21,BKN,122,ATL,112,NA
0021900432,20191221/CHIDET,2019-12-21,DET,107,CHI,119,NA
0021900433,20191221/WASPHI,2019-12-21,PHI,125,WAS,108,NA
0021900434,20191221/MILNYK,2019-12-21,NYK,102,MIL,123,NA
0021900435,20191221/SACMEM,2019-12-21,MEM,119,SAC,115,NA
0021900436,20191221/LACSAS,2019-12-21,SAS,109,LAC,134,NA
0021900437,20191221/HOUPHX,2019-12-21,PHX,125,HOU,139,NBA TV
0021900438,20191221/MINPOR,2019-12-21,POR,113,MIN,106,NA
0021900439,20191222/DALTOR,2019-12-22,TOR,110,DAL,107,NA
0021900440,20191222/CHABOS,2019-12-22,BOS,119,CHA,93,NA
0021900441,20191222/INDMIL,2019-12-22,MIL,117,IND,89,NA
0021900442,20191222/LACOKC,2019-12-22,OKC,118,LAC,112,NBA TV
0021900443,20191222/DENLAL,2019-12-22,LAL,104,DEN,128,NBA TV
0021900444,20191223/ATLCLE,2019-12-23,CLE,121,ATL,118,NA
0021900445,20191223/PHIDET,2019-12-23,DET,109,PHI,125,NA
0021900446,20191223/TORIND,2019-12-23,IND,120,TOR,115,NBA TV
0021900447,20191223/WASNYK,2019-12-23,NYK,115,WAS,121,NA
0021900448,20191223/CHIORL,2019-12-23,ORL,103,CHI,95,NA
0021900449,20191223/UTAMIA,2019-12-23,MIA,107,UTA,104,NA
0021900450,20191223/SASMEM,2019-12-23,MEM,115,SAS,145,NA
0021900451,20191223/DENPHX,2019-12-23,PHX,111,DEN,113,NA
0021900452,20191223/NOPPOR,2019-12-23,POR,94,NOP,102,NBA TV
0021900453,20191223/HOUSAC,2019-12-23,SAC,104,HOU,113,NA
0021900454,20191223/MINGSW,2019-12-23,GSW,113,MIN,104,NA
0021900455,20191225/BOSTOR,2019-12-25,TOR,102,BOS,118,ESPN
0021900456,20191225/MILPHI,2019-12-25,PHI,121,MIL,109,ABC
0021900457,20191225/HOUGSW,2019-12-25,GSW,116,HOU,104,ABC
0021900458,20191225/LACLAL,2019-12-25,LAL,106,LAC,111,ESPN & ABC Simulcast
0021900459,20191225/NOPDEN,2019-12-25,DEN,100,NOP,112,ESPN
0021900460,20191226/WASDET,2019-12-26,DET,132,WAS,102,NA
0021900461,20191226/NYKBKN,2019-12-26,BKN,82,NYK,94,NA
0021900462,20191226/MEMOKC,2019-12-26,OKC,97,MEM,110,NA
0021900463,20191226/SASDAL,2019-12-26,DAL,102,SAS,98,TNT
0021900464,20191226/MINSAC,2019-12-26,SAC,104,MIN,105,NA
0021900465,20191226/PORUTA,2019-12-26,UTA,121,POR,115,TNT
0021900466,20191227/CLEBOS,2019-12-27,BOS,129,CLE,117,NBA TV
0021900467,20191227/OKCCHA,2019-12-27,CHA,102,OKC,104,NA
0021900468,20191227/PHIORL,2019-12-27,ORL,98,PHI,97,NBA TV
0021900469,20191227/MILATL,2019-12-27,ATL,86,MIL,112,NA
0021900470,20191227/INDMIA,2019-12-27,MIA,113,IND,112,NA
0021900471,20191227/PHXGSW,2019-12-27,GSW,105,PHX,96,NBA TV
0021900472,20191228/MEMDEN,2019-12-28,DEN,119,MEM,110,NA
0021900473,20191228/TORBOS,2019-12-28,BOS,97,TOR,113,NA
0021900474,20191228/INDNOP,2019-12-28,NOP,120,IND,98,NA
0021900475,20191228/PHIMIA,2019-12-28,MIA,117,PHI,116,NA
0021900476,20191228/NYKWAS,2019-12-28,WAS,100,NYK,107,NA
0021900477,20191228/ATLCHI,2019-12-28,CHI,116,ATL,81,NA
0021900478,20191228/BKNHOU,2019-12-28,HOU,108,BKN,98,NA
0021900479,20191228/CLEMIN,2019-12-28,MIN,88,CLE,94,NA
0021900480,20191228/ORLMIL,2019-12-28,MIL,111,ORL,100,NA
0021900481,20191228/DETSAS,2019-12-28,SAS,136,DET,109,NA
0021900482,20191228/DALGSW,2019-12-28,GSW,121,DAL,141,NA
0021900483,20191228/PHXSAC,2019-12-28,SAC,110,PHX,112,NA
0021900484,20191228/LALPOR,2019-12-28,POR,120,LAL,128,NA
0021900485,20191228/UTALAC,2019-12-28,LAC,107,UTA,120,NA
0021900486,20191229/OKCTOR,2019-12-29,TOR,97,OKC,98,NA
0021900487,20191229/CHAMEM,2019-12-29,MEM,117,CHA,104,NA
0021900488,20191229/HOUNOP,2019-12-29,NOP,127,HOU,112,NA
0021900489,20191229/SACDEN,2019-12-29,DEN,120,SAC,115,NA
0021900490,20191229/DALLAL,2019-12-29,LAL,108,DAL,95,ESPN
0021900491,20191230/ATLORL,2019-12-30,ORL,93,ATL,101,NBA TV
0021900492,20191230/MIAWAS,2019-12-30,WAS,123,MIA,105,NA
0021900493,20191230/MILCHI,2019-12-30,CHI,102,MIL,123,NA
0021900494,20191230/BKNMIN,2019-12-30,MIN,122,BKN,115,NA
0021900495,20191230/DETUTA,2019-12-30,UTA,104,DET,81,NA
0021900496,20191230/PHXPOR,2019-12-30,POR,116,PHX,122,NBA TV
0021900497,20191231/BOSCHA,2019-12-31,CHA,92,BOS,109,NA
0021900498,20191231/PHIIND,2019-12-31,IND,115,PHI,97,NA
0021900499,20191231/LACSAC,2019-12-31,SAC,87,LAC,105,NA
0021900500,20191231/CLETOR,2019-12-31,TOR,117,CLE,97,NA
0021900501,20191231/DENHOU,2019-12-31,HOU,130,DEN,104,NBA TV
0021900502,20191231/GSWSAS,2019-12-31,SAS,117,GSW,113,NA
0021900503,20191231/DALOKC,2019-12-31,OKC,106,DAL,101,NA
0021900504,20200101/ORLWAS,2020-01-01,WAS,101,ORL,122,NA
0021900505,20200101/PORNYK,2020-01-01,NYK,117,POR,93,NBA TV
0021900506,20200101/MINMIL,2020-01-01,MIL,106,MIN,104,NA
0021900507,20200101/PHXLAL,2020-01-01,LAL,117,PHX,107,NA
0021900508,20200102/CHACLE,2020-01-02,CLE,106,CHA,109,NA
0021900509,20200102/DENIND,2020-01-02,IND,116,DEN,124,NA
0021900510,20200102/TORMIA,2020-01-02,MIA,84,TOR,76,NBA TV
0021900511,20200102/UTACHI,2020-01-02,CHI,98,UTA,102,NA
0021900512,20200102/GSWMIN,2020-01-02,MIN,99,GSW,84,NA
0021900513,20200102/BKNDAL,2020-01-02,DAL,123,BKN,111,NA
0021900514,20200102/OKCSAS,2020-01-02,SAS,103,OKC,109,NA
0021900515,20200102/MEMSAC,2020-01-02,SAC,128,MEM,123,NA
0021900516,20200102/DETLAC,2020-01-02,LAC,126,DET,112,NBA TV
0021900517,20200103/ATLBOS,2020-01-03,BOS,109,ATL,106,NA
0021900518,20200103/MIAORL,2020-01-03,ORL,105,MIA,85,NA
0021900519,20200103/PORWAS,2020-01-03,WAS,103,POR,122,NA
0021900520,20200103/PHIHOU,2020-01-03,HOU,118,PHI,108,ESPN
0021900521,20200103/NYKPHX,2020-01-03,PHX,120,NYK,112,NA
0021900522,20200103/NOPLAL,2020-01-03,LAL,123,NOP,113,ESPN
0021900523,20200104/MEMLAC,2020-01-04,LAC,114,MEM,140,NA
0021900524,20200104/TORBKN,2020-01-04,BKN,102,TOR,121,NA
0021900525,20200104/UTAORL,2020-01-04,ORL,96,UTA,109,NA
0021900526,20200104/INDATL,2020-01-04,ATL,116,IND,111,NA
0021900527,20200104/OKCCLE,2020-01-04,CLE,106,OKC,121,NA
0021900528,20200104/DENWAS,2020-01-04,WAS,128,DEN,114,NA
0021900529,20200104/BOSCHI,2020-01-04,CHI,104,BOS,111,NA
0021900530,20200104/CHADAL,2020-01-04,DAL,120,CHA,123,NA
0021900531,20200104/SASMIL,2020-01-04,MIL,127,SAS,118,NA
0021900532,20200104/DETGSW,2020-01-04,GSW,104,DET,111,NA
0021900533,20200104/NOPSAC,2020-01-04,SAC,115,NOP,117,NA
0021900534,20200105/NYKLAC,2020-01-05,LAC,135,NYK,132,NA
0021900535,20200105/PORMIA,2020-01-05,MIA,122,POR,111,NA
0021900536,20200105/MINCLE,2020-01-05,CLE,103,MIN,118,NA
0021900537,20200105/MEMPHX,2020-01-05,PHX,114,MEM,121,NA
0021900538,20200105/DETLAL,2020-01-05,LAL,106,DET,99,NA
0021900539,20200106/INDCHA,2020-01-06,CHA,104,IND,115,NA
0021900540,20200106/BKNORL,2020-01-06,ORL,101,BKN,89,NA
0021900541,20200106/OKCPHI,2020-01-06,PHI,120,OKC,113,NBA TV
0021900542,20200106/BOSWAS,2020-01-06,WAS,99,BOS,94,NA
0021900543,20200106/DENATL,2020-01-06,ATL,115,DEN,123,NA
0021900544,20200106/UTANOP,2020-01-06,NOP,126,UTA,128,NA
0021900545,20200106/CHIDAL,2020-01-06,DAL,118,CHI,110,NA
0021900546,20200106/MILSAS,2020-01-06,SAS,126,MIL,104,NA
0021900547,20200106/GSWSAC,2020-01-06,SAC,111,GSW,98,NBA TV
0021900548,20200107/DETCLE,2020-01-07,CLE,113,DET,115,NA
0021900549,20200107/PORTOR,2020-01-07,TOR,99,POR,101,NA
0021900550,20200107/OKCBKN,2020-01-07,BKN,103,OKC,111,NBA TV
0021900551,20200107/MINMEM,2020-01-07,MEM,119,MIN,112,NA
0021900552,20200107/SACPHX,2020-01-07,PHX,103,SAC,114,NA
0021900553,20200107/NYKLAL,2020-01-07,LAL,117,NYK,87,NBA TV
0021900554,20200108/SASBOS,2020-01-08,BOS,114,SAS,129,NA
0021900555,20200108/TORCHA,2020-01-08,CHA,110,TOR,112,NA
0021900556,20200108/MIAIND,2020-01-08,IND,108,MIA,122,NA
0021900557,20200108/WASORL,2020-01-08,ORL,123,WAS,89,NA
0021900558,20200108/HOUATL,2020-01-08,ATL,115,HOU,122,NA
0021900559,20200108/DENDAL,2020-01-08,DAL,106,DEN,107,ESPN
0021900560,20200108/CHINOP,2020-01-08,NOP,123,CHI,108,NA
0021900561,20200108/NYKUTA,2020-01-08,UTA,128,NYK,104,NA
0021900562,20200108/MILGSW,2020-01-08,GSW,98,MIL,107,ESPN
0021900563,20200109/CLEDET,2020-01-09,DET,112,CLE,115,NA
0021900564,20200109/BOSPHI,2020-01-09,PHI,109,BOS,98,TNT
0021900565,20200109/PORMIN,2020-01-09,MIN,116,POR,102,NA
0021900566,20200109/HOUOKC,2020-01-09,OKC,113,HOU,92,TNT
0021900567,20200110/ATLWAS,2020-01-10,WAS,111,ATL,101,NA
0021900568,20200110/MIABKN,2020-01-10,BKN,117,MIA,113,NA
0021900569,20200110/NOPNYK,2020-01-10,NYK,111,NOP,123,ESPN
0021900570,20200110/INDCHI,2020-01-10,CHI,105,IND,116,NA
0021900571,20200110/SASMEM,2020-01-10,MEM,134,SAS,121,NA
0021900572,20200110/LALDAL,2020-01-10,DAL,114,LAL,129,ESPN
0021900573,20200110/ORLPHX,2020-01-10,PHX,98,ORL,94,NA
0021900574,20200110/CHAUTA,2020-01-10,UTA,109,CHA,92,NA
0021900575,20200110/MILSAC,2020-01-10,SAC,106,MIL,127,NA
0021900576,20200110/GSWLAC,2020-01-10,LAC,109,GSW,100,NA
0021900577,20200111/MINHOU,2020-01-11,HOU,139,MIN,109,NA
0021900578,20200111/NOPBOS,2020-01-11,BOS,140,NOP,105,NA
0021900579,20200111/CHIDET,2020-01-11,DET,99,CHI,108,NA
0021900580,20200111/LALOKC,2020-01-11,OKC,110,LAL,125,NA
0021900581,20200111/PHIDAL,2020-01-11,DAL,109,PHI,91,NA
0021900582,20200111/CLEDEN,2020-01-11,DEN,103,CLE,111,NA
0021900583,20200111/MILPOR,2020-01-11,POR,101,MIL,122,NA
0021900584,20200112/MIANYK,2020-01-12,NYK,124,MIA,121,NA
0021900585,20200112/UTAWAS,2020-01-12,WAS,116,UTA,127,NA
0021900586,20200112/ATLBKN,2020-01-12,BKN,108,ATL,86,NA
0021900587,20200112/SASTOR,2020-01-12,TOR,104,SAS,105,NA
0021900588,20200112/GSWMEM,2020-01-12,MEM,122,GSW,102,NA
0021900589,20200112/LACDEN,2020-01-12,DEN,114,LAC,104,NA
0021900590,20200112/CHAPHX,2020-01-12,PHX,100,CHA,92,NA
0021900591,20200113/NOPDET,2020-01-13,DET,110,NOP,117,NA
0021900592,20200113/PHIIND,2020-01-13,IND,101,PHI,95,NA
0021900593,20200113/CHIBOS,2020-01-13,BOS,113,CHI,101,NA
0021900594,20200113/OKCMIN,2020-01-13,MIN,104,OKC,117,NA
0021900595,20200113/CHAPOR,2020-01-13,POR,115,CHA,112,NA
0021900596,20200113/ORLSAC,2020-01-13,SAC,112,ORL,114,NA
0021900597,20200113/CLELAL,2020-01-13,LAL,128,CLE,99,NA
0021900598,20200114/PHXATL,2020-01-14,ATL,123,PHX,110,NA
0021900599,20200114/UTABKN,2020-01-14,BKN,107,UTA,118,NA
0021900600,20200114/HOUMEM,2020-01-14,MEM,121,HOU,110,NBA TV
0021900601,20200114/NYKMIL,2020-01-14,MIL,128,NYK,102,NA
0021900602,20200114/DALGSW,2020-01-14,GSW,97,DAL,124,NBA TV
0021900603,20200114/CLELAC,2020-01-14,LAC,128,CLE,103,NA
0021900604,20200115/DETBOS,2020-01-15,BOS,103,DET,116,NA
0021900605,20200115/BKNPHI,2020-01-15,PHI,117,BKN,106,ESPN
0021900606,20200115/SASMIA,2020-01-15,MIA,106,SAS,100,NA
0021900607,20200115/WASCHI,2020-01-15,CHI,115,WAS,106,NA
0021900608,20200115/INDMIN,2020-01-15,MIN,99,IND,104,NA
0021900609,20200115/TOROKC,2020-01-15,OKC,121,TOR,130,NA
0021900610,20200115/CHADEN,2020-01-15,DEN,100,CHA,86,NA
0021900611,20200115/PORHOU,2020-01-15,HOU,107,POR,117,ESPN
0021900612,20200115/DALSAC,2020-01-15,SAC,123,DAL,127,NA
0021900613,20200115/ORLLAL,2020-01-15,LAL,118,ORL,119,NA
0021900614,20200116/PHXNYK,2020-01-16,NYK,98,PHX,121,NA
0021900615,20200116/BOSMIL,2020-01-16,MIL,128,BOS,123,TNT
0021900616,20200116/UTANOP,2020-01-16,NOP,138,UTA,132,NA
0021900617,20200116/DENGSW,2020-01-16,GSW,131,DEN,134,TNT
0021900618,20200116/ORLLAC,2020-01-16,LAC,122,ORL,95,NA
0021900619,20200117/MININD,2020-01-17,IND,116,MIN,114,NA
0021900620,20200117/CHIPHI,2020-01-17,PHI,100,CHI,89,ESPN
0021900621,20200117/WASTOR,2020-01-17,TOR,140,WAS,111,NA
0021900622,20200117/CLEMEM,2020-01-17,MEM,113,CLE,109,NA
0021900623,20200117/MIAOKC,2020-01-17,OKC,108,MIA,115,NA
0021900624,20200117/ATLSAS,2020-01-17,SAS,120,ATL,121,NA
0021900625,20200117/PORDAL,2020-01-17,DAL,120,POR,112,ESPN
0021900626,20200118/LACNOP,2020-01-18,NOP,130,LAC,133,ABC
0021900627,20200118/MILBKN,2020-01-18,BKN,97,MIL,117,NBA TV
0021900628,20200118/PHXBOS,2020-01-18,BOS,119,PHX,123,NA
0021900629,20200118/DETATL,2020-01-18,ATL,103,DET,136,NA
0021900630,20200118/PHINYK,2020-01-18,NYK,87,PHI,90,NA
0021900631,20200118/CLECHI,2020-01-18,CHI,118,CLE,116,NA
0021900632,20200118/TORMIN,2020-01-18,MIN,112,TOR,122,NA
0021900633,20200118/LALHOU,2020-01-18,HOU,115,LAL,124,ABC
0021900634,20200118/ORLGSW,2020-01-18,GSW,109,ORL,95,NA
0021900635,20200118/POROKC,2020-01-18,OKC,119,POR,106,NA
0021900636,20200118/SACUTA,2020-01-18,UTA,123,SAC,101,NA
0021900637,20200119/MIASAS,2020-01-19,SAS,107,MIA,102,NA
0021900638,20200119/INDDEN,2020-01-19,DEN,107,IND,115,NA
0021900639,20200120/DETWAS,2020-01-20,WAS,106,DET,100,NA
0021900640,20200120/TORATL,2020-01-20,ATL,117,TOR,122,NBA TV
0021900641,20200120/PHIBKN,2020-01-20,BKN,111,PHI,117,NA
0021900642,20200120/ORLCHA,2020-01-20,CHA,83,ORL,106,NA
0021900643,20200120/NYKCLE,2020-01-20,CLE,86,NYK,106,NA
0021900644,20200120/SACMIA,2020-01-20,MIA,118,SAC,113,NA
0021900645,20200120/OKCHOU,2020-01-20,HOU,107,OKC,112,NA
0021900646,20200120/NOPMEM,2020-01-20,MEM,116,NOP,126,TNT
0021900647,20200120/CHIMIL,2020-01-20,MIL,111,CHI,98,NA
0021900648,20200120/LALBOS,2020-01-20,BOS,139,LAL,107,TNT
0021900649,20200120/DENMIN,2020-01-20,MIN,100,DEN,107,NA
0021900650,20200120/SASPHX,2020-01-20,PHX,118,SAS,120,NA
0021900651,20200120/INDUTA,2020-01-20,UTA,118,IND,88,NA
0021900652,20200120/GSWPOR,2020-01-20,POR,129,GSW,124,TNT
0021900653,20200121/LACDAL,2020-01-21,DAL,107,LAC,110,NBA TV
0021900654,20200122/SACDET,2020-01-22,DET,127,SAC,106,NA
0021900655,20200122/OKCORL,2020-01-22,ORL,114,OKC,120,NA
0021900656,20200122/LACATL,2020-01-22,ATL,102,LAC,95,NA
0021900657,20200122/MEMBOS,2020-01-22,BOS,119,MEM,95,NA
0021900658,20200122/WASMIA,2020-01-22,MIA,134,WAS,129,NA
0021900659,20200122/LALNYK,2020-01-22,NYK,92,LAL,100,NA
0021900660,20200122/PHITOR,2020-01-22,TOR,107,PHI,95,ESPN
0021900661,20200122/MINCHI,2020-01-22,CHI,117,MIN,110,NA
0021900662,20200122/DENHOU,2020-01-22,HOU,121,DEN,105,NA
0021900663,20200122/SASNOP,2020-01-22,NOP,117,SAS,121,ESPN
0021900664,20200122/INDPHX,2020-01-22,PHX,87,IND,112,NA
0021900665,20200122/UTAGSW,2020-01-22,GSW,96,UTA,129,NA
0021900666,20200123/WASCLE,2020-01-23,CLE,112,WAS,124,NA
0021900667,20200123/LALBKN,2020-01-23,BKN,113,LAL,128,TNT
0021900668,20200123/DALPOR,2020-01-23,POR,125,DAL,133,TNT
0021900669,20200124/MILCHA,2020-01-24,CHA,103,MIL,116,NBA TV
0021900670,20200124/MEMDET,2020-01-24,DET,112,MEM,125,NA
0021900671,20200124/BOSORL,2020-01-24,ORL,98,BOS,109,NA
0021900672,20200124/TORNYK,2020-01-24,NYK,112,TOR,118,NA
0021900673,20200124/LACMIA,2020-01-24,MIA,117,LAC,122,ESPN
0021900674,20200124/SACCHI,2020-01-24,CHI,81,SAC,98,NA
0021900675,20200124/HOUMIN,2020-01-24,MIN,124,HOU,131,NA
0021900676,20200124/DENNOP,2020-01-24,NOP,106,DEN,113,NA
0021900677,20200124/ATLOKC,2020-01-24,OKC,140,ATL,111,NA
0021900678,20200124/PHXSAS,2020-01-24,SAS,99,PHX,103,NA
0021900679,20200124/INDGSW,2020-01-24,GSW,118,IND,129,NBA TV
0021900680,20200125/DALUTA,2020-01-25,UTA,112,DAL,107,NA
0021900681,20200125/BKNDET,2020-01-25,DET,111,BKN,121,NA
0021900682,20200125/CHICLE,2020-01-25,CLE,106,CHI,118,NA
0021900683,20200125/OKCMIN,2020-01-25,MIN,104,OKC,113,NA
0021900684,20200125/LALPHI,2020-01-25,PHI,108,LAL,91,ABC
0021900685,20200126/HOUDEN,2020-01-26,DEN,117,HOU,110,NBA TV
0021900686,20200126/TORSAS,2020-01-26,SAS,106,TOR,110,NA
0021900687,20200126/WASATL,2020-01-26,ATL,152,WAS,133,NA
0021900688,20200126/BKNNYK,2020-01-26,NYK,110,BKN,97,NA
0021900689,20200126/LACORL,2020-01-26,ORL,97,LAC,112,NA
0021900690,20200126/PHXMEM,2020-01-26,MEM,114,PHX,109,NA
0021900691,20200126/BOSNOP,2020-01-26,NOP,123,BOS,108,ESPN
0021900692,20200126/INDPOR,2020-01-26,POR,139,IND,129,NBA TV
0021900693,20200127/CLEDET,2020-01-27,DET,100,CLE,115,NA
0021900694,20200127/ORLMIA,2020-01-27,MIA,113,ORL,92,NA
0021900695,20200127/SASCHI,2020-01-27,CHI,110,SAS,109,NA
0021900696,20200127/SACMIN,2020-01-27,MIN,129,SAC,133,NA
0021900697,20200127/DALOKC,2020-01-27,OKC,97,DAL,107,NA
0021900698,20200127/HOUUTA,2020-01-27,UTA,117,HOU,126,NBA TV
0021900699,20200128/NYKCHA,2020-01-28,CHA,97,NYK,92,NA
0021900700,20200128/NOPCLE,2020-01-28,CLE,111,NOP,125,NA
0021900701,20200128/BOSMIA,2020-01-28,MIA,101,BOS,109,TNT
0021900702,20200128/GSWPHI,2020-01-28,PHI,115,GSW,104,NA
0021900703,20200128/ATLTOR,2020-01-28,TOR,130,ATL,114,NA
0021900704,20200128/DENMEM,2020-01-28,MEM,104,DEN,96,NA
0021900705,20200128/WASMIL,2020-01-28,MIL,151,WAS,131,NA
0021900706,20200128/PHXDAL,2020-01-28,DAL,104,PHX,133,NA
0021900708,20200129/CHIIND,2020-01-29,IND,115,CHI,106,NA
0021900709,20200129/DETBKN,2020-01-29,BKN,125,DET,115,ESPN
0021900710,20200129/MEMNYK,2020-01-29,NYK,106,MEM,127,NA
0021900711,20200129/UTASAS,2020-01-29,SAS,127,UTA,120,NA
0021900712,20200129/HOUPOR,2020-01-29,POR,125,HOU,112,ESPN
0021900713,20200129/OKCSAC,2020-01-29,SAC,100,OKC,120,NA
0021900714,20200130/TORCLE,2020-01-30,CLE,109,TOR,115,NA
0021900715,20200130/CHAWAS,2020-01-30,WAS,121,CHA,107,NA
0021900716,20200130/PHIATL,2020-01-30,ATL,127,PHI,117,NA
0021900717,20200130/GSWBOS,2020-01-30,BOS,119,GSW,104,TNT
0021900718,20200130/UTADEN,2020-01-30,DEN,106,UTA,100,TNT
0021900719,20200130/SACLAC,2020-01-30,LAC,103,SAC,124,NA
0021900720,20200131/TORDET,2020-01-31,DET,92,TOR,105,NA
0021900721,20200131/CHIBKN,2020-01-31,BKN,133,CHI,118,NA
0021900722,20200131/DALHOU,2020-01-31,HOU,128,DAL,121,ESPN
0021900723,20200131/MEMNOP,2020-01-31,NOP,139,MEM,111,NA
0021900724,20200131/DENMIL,2020-01-31,MIL,115,DEN,127,NA
0021900725,20200131/OKCPHX,2020-01-31,PHX,107,OKC,111,NA
0021900726,20200131/PORLAL,2020-01-31,LAL,119,POR,127,ESPN
0021900727,20200201/MINLAC,2020-02-01,LAC,118,MIN,106,NA
0021900728,20200201/NYKIND,2020-02-01,IND,85,NYK,92,NA
0021900729,20200201/MIAORL,2020-02-01,ORL,89,MIA,102,NA
0021900730,20200201/GSWCLE,2020-02-01,CLE,112,GSW,131,NA
0021900731,20200201/BKNWAS,2020-02-01,WAS,113,BKN,107,NA
0021900732,20200201/PHIBOS,2020-02-01,BOS,116,PHI,95,ABC
0021900733,20200201/ATLDAL,2020-02-01,DAL,123,ATL,100,NA
0021900734,20200201/CHASAS,2020-02-01,SAS,114,CHA,90,NA
0021900735,20200201/UTAPOR,2020-02-01,POR,124,UTA,107,NA
0021900736,20200201/LALSAC,2020-02-01,SAC,113,LAL,129,NA
0021900737,20200202/DENDET,2020-02-02,DET,128,DEN,123,NA
0021900738,20200202/NOPHOU,2020-02-02,HOU,117,NOP,109,ABC
0021900739,20200202/PHXMIL,2020-02-02,MIL,129,PHX,108,NA
0021900740,20200202/CHITOR,2020-02-02,TOR,129,CHI,102,NA
0021900741,20200203/ORLCHA,2020-02-03,CHA,100,ORL,112,NA
0021900742,20200203/NYKCLE,2020-02-03,CLE,134,NYK,139,NA
0021900743,20200203/DALIND,2020-02-03,IND,103,DAL,112,NA
0021900744,20200203/GSWWAS,2020-02-03,WAS,117,GSW,125,NA
0021900745,20200203/BOSATL,2020-02-03,ATL,115,BOS,123,NA
0021900746,20200203/PHXBKN,2020-02-03,BKN,119,PHX,97,NA
0021900747,20200203/PHIMIA,2020-02-03,MIA,137,PHI,106,NBA TV
0021900748,20200203/DETMEM,2020-02-03,MEM,96,DET,82,NA
0021900749,20200203/MINSAC,2020-02-03,SAC,113,MIN,109,NA
0021900750,20200203/SASLAC,2020-02-03,LAC,108,SAS,105,NBA TV
0021900751,20200204/MILNOP,2020-02-04,NOP,108,MIL,120,TNT
0021900752,20200204/CHAHOU,2020-02-04,HOU,125,CHA,110,NA
0021900753,20200204/PORDEN,2020-02-04,DEN,127,POR,99,NA
0021900754,20200204/SASLAL,2020-02-04,LAL,129,SAS,102,TNT
0021900755,20200205/PHXDET,2020-02-05,DET,116,PHX,108,NA
0021900756,20200205/ORLBOS,2020-02-05,BOS,116,ORL,100,ESPN
0021900757,20200205/GSWBKN,2020-02-05,BKN,129,GSW,88,NA
0021900758,20200205/INDTOR,2020-02-05,TOR,119,IND,118,NA
0021900759,20200205/ATLMIN,2020-02-05,MIN,120,ATL,127,NA
0021900760,20200205/CLEOKC,2020-02-05,OKC,109,CLE,103,NA
0021900761,20200205/MEMDAL,2020-02-05,DAL,107,MEM,121,NA
0021900762,20200205/DENUTA,2020-02-05,UTA,95,DEN,98,NA
0021900763,20200205/MIALAC,2020-02-05,LAC,128,MIA,111,ESPN
0021900764,20200206/ORLNYK,2020-02-06,NYK,105,ORL,103,NA
0021900765,20200206/NOPCHI,2020-02-06,CHI,119,NOP,125,NA
0021900766,20200206/PHIMIL,2020-02-06,MIL,112,PHI,101,TNT
0021900767,20200206/SASPOR,2020-02-06,POR,125,SAS,117,NA
0021900768,20200206/HOULAL,2020-02-06,LAL,111,HOU,121,TNT
0021900769,20200207/MEMPHI,2020-02-07,PHI,119,MEM,107,NA
0021900770,20200207/DALWAS,2020-02-07,WAS,119,DAL,118,NA
0021900771,20200207/ATLBOS,2020-02-07,BOS,112,ATL,107,NA
0021900772,20200207/TORIND,2020-02-07,IND,106,TOR,115,ESPN
0021900773,20200207/DETOKC,2020-02-07,OKC,108,DET,101,NA
0021900774,20200207/HOUPHX,2020-02-07,PHX,127,HOU,91,NA
0021900775,20200207/MIASAC,2020-02-07,SAC,105,MIA,97,NA
0021900776,20200207/PORUTA,2020-02-07,UTA,117,POR,114,ESPN
0021900777,20200208/MILORL,2020-02-08,ORL,95,MIL,111,NA
0021900778,20200208/DALCHA,2020-02-08,CHA,100,DAL,116,NA
0021900779,20200208/NYKDET,2020-02-08,DET,92,NYK,95,NA
0021900780,20200208/NOPIND,2020-02-08,IND,117,NOP,124,NA
0021900781,20200208/BKNTOR,2020-02-08,TOR,119,BKN,118,NA
0021900782,20200208/LACMIN,2020-02-08,MIN,142,LAC,115,NA
0021900783,20200208/LALGSW,2020-02-08,GSW,120,LAL,125,ABC
0021900784,20200208/DENPHX,2020-02-08,PHX,108,DEN,117,NA
0021900785,20200208/SASSAC,2020-02-08,SAC,122,SAS,102,NA
0021900786,20200209/BOSOKC,2020-02-09,OKC,111,BOS,112,NBA TV
0021900787,20200209/NYKATL,2020-02-09,ATL,140,NYK,135,NA
0021900788,20200209/CHIPHI,2020-02-09,PHI,118,CHI,111,NA
0021900789,20200209/MEMWAS,2020-02-09,WAS,99,MEM,106,NA
0021900790,20200209/UTAHOU,2020-02-09,HOU,113,UTA,114,NBA TV
0021900791,20200209/LACCLE,2020-02-09,CLE,92,LAC,133,NA
0021900792,20200209/MIAPOR,2020-02-09,POR,115,MIA,109,NA
0021900793,20200210/CHADET,2020-02-10,DET,76,CHA,87,NA
0021900794,20200210/BKNIND,2020-02-10,IND,105,BKN,106,NA
0021900795,20200210/ATLORL,2020-02-10,ORL,135,ATL,126,NA
0021900796,20200210/MINTOR,2020-02-10,TOR,137,MIN,126,NA
0021900797,20200210/SACMIL,2020-02-10,MIL,123,SAC,111,NBA TV
0021900798,20200210/UTADAL,2020-02-10,DAL,119,UTA,123,NA
0021900799,20200210/SASDEN,2020-02-10,DEN,127,SAS,120,NA
0021900800,20200210/MIAGSW,2020-02-10,GSW,101,MIA,113,NA
0021900801,20200210/PHXLAL,2020-02-10,LAL,125,PHX,100,NBA TV
0021900802,20200211/LACPHI,2020-02-11,PHI,110,LAC,103,TNT
0021900803,20200211/CHIWAS,2020-02-11,WAS,126,CHI,114,NA
0021900804,20200211/PORNOP,2020-02-11,NOP,138,POR,117,NA
0021900805,20200211/SASOKC,2020-02-11,OKC,106,SAS,114,NA
0021900806,20200211/BOSHOU,2020-02-11,HOU,116,BOS,105,TNT
0021900807,20200212/ATLCLE,2020-02-12,CLE,127,ATL,105,NA
0021900808,20200212/DETORL,2020-02-12,ORL,116,DET,112,NA
0021900809,20200212/TORBKN,2020-02-12,BKN,101,TOR,91,NA
0021900810,20200212/MILIND,2020-02-12,IND,118,MIL,111,ESPN
0021900811,20200212/WASNYK,2020-02-12,NYK,96,WAS,114,NA
0021900812,20200212/PORMEM,2020-02-12,MEM,111,POR,104,NA
0021900813,20200212/CHAMIN,2020-02-12,MIN,108,CHA,115,NA
0021900814,20200212/SACDAL,2020-02-12,DAL,130,SAC,111,NA
0021900815,20200212/GSWPHX,2020-02-12,PHX,112,GSW,106,NA
0021900816,20200212/MIAUTA,2020-02-12,UTA,116,MIA,101,NA
0021900817,20200212/LALDEN,2020-02-12,DEN,116,LAL,120,ESPN
0021900818,20200213/LACBOS,2020-02-13,BOS,141,LAC,133,TNT
0021900819,20200213/OKCNOP,2020-02-13,NOP,118,OKC,123,NA
0031900002,20200214/WLDUSA,2020-02-14,USA,151,WLD,131,TNT
0031900001,20200216/LBNGNS,2020-02-16,GNS,155,LBN,157,TNT
0021900820,20200220/MILDET,2020-02-20,DET,106,MIL,126,NA
0021900821,20200220/MIAATL,2020-02-20,ATL,129,MIA,124,NA
0021900822,20200220/BKNPHI,2020-02-20,PHI,112,BKN,104,TNT
0021900823,20200220/CHACHI,2020-02-20,CHI,93,CHA,103,NA
0021900824,20200220/MEMSAC,2020-02-20,SAC,129,MEM,125,NA
0021900825,20200220/HOUGSW,2020-02-20,GSW,105,HOU,135,TNT
0021900826,20200221/DALORL,2020-02-21,ORL,106,DAL,122,NA
0021900827,20200221/CLEWAS,2020-02-21,WAS,108,CLE,113,NA
0021900828,20200221/INDNYK,2020-02-21,NYK,98,IND,106,NA
0021900829,20200221/PHXTOR,2020-02-21,TOR,118,PHX,101,NA
0021900830,20200221/BOSMIN,2020-02-21,MIN,117,BOS,127,NA
0021900831,20200221/DENOKC,2020-02-21,OKC,113,DEN,101,ESPN
0021900832,20200221/SASUTA,2020-02-21,UTA,104,SAS,113,NA
0021900833,20200221/MEMLAL,2020-02-21,LAL,117,MEM,105,NA
0021900834,20200221/NOPPOR,2020-02-21,POR,115,NOP,128,ESPN
0021900835,20200222/SACLAC,2020-02-22,LAC,103,SAC,112,NA
0021900836,20200222/BKNCHA,2020-02-22,CHA,86,BKN,115,NA
0021900837,20200222/DALATL,2020-02-22,ATL,111,DAL,107,NA
0021900838,20200222/CLEMIA,2020-02-22,MIA,124,CLE,105,NA
0021900839,20200222/PHXCHI,2020-02-22,CHI,104,PHX,112,NA
0021900840,20200222/PHIMIL,2020-02-22,MIL,119,PHI,98,ABC
0021900841,20200222/HOUUTA,2020-02-22,UTA,110,HOU,120,NA
0021900842,20200223/BOSLAL,2020-02-23,LAL,114,BOS,112,ABC
0021900843,20200223/INDTOR,2020-02-23,TOR,127,IND,81,NA
0021900844,20200223/MINDEN,2020-02-23,DEN,128,MIN,116,NBA TV
0021900845,20200223/WASCHI,2020-02-23,CHI,126,WAS,117,NA
0021900846,20200223/SASOKC,2020-02-23,OKC,131,SAS,103,NA
0021900847,20200223/NOPGSW,2020-02-23,GSW,101,NOP,115,NBA TV
0021900848,20200223/DETPOR,2020-02-23,POR,107,DET,104,NA
0021900849,20200224/MIACLE,2020-02-24,CLE,125,MIA,119,NA
0021900850,20200224/ATLPHI,2020-02-24,PHI,129,ATL,112,NBA TV
0021900851,20200224/MILWAS,2020-02-24,WAS,134,MIL,137,NA
0021900852,20200224/ORLBKN,2020-02-24,BKN,113,ORL,115,NA
0021900853,20200224/NYKHOU,2020-02-24,HOU,123,NYK,112,NA
0021900854,20200224/MINDAL,2020-02-24,DAL,139,MIN,123,NA
0021900855,20200224/PHXUTA,2020-02-24,UTA,111,PHX,131,NA
0021900856,20200224/MEMLAC,2020-02-24,LAC,124,MEM,97,NBA TV
0021900857,20200225/CHAIND,2020-02-25,IND,119,CHA,80,NA
0021900858,20200225/MILTOR,2020-02-25,TOR,97,MIL,108,TNT
0021900859,20200225/OKCCHI,2020-02-25,CHI,122,OKC,124,NA
0021900860,20200225/DETDEN,2020-02-25,DEN,115,DET,98,NA
0021900861,20200225/NOPLAL,2020-02-25,LAL,118,NOP,109,TNT
0021900862,20200225/BOSPOR,2020-02-25,POR,106,BOS,118,NA
0021900863,20200225/SACGSW,2020-02-25,GSW,94,SAC,112,NA
0021900864,20200226/NYKCHA,2020-02-26,CHA,107,NYK,101,NA
0021900865,20200226/PHICLE,2020-02-26,CLE,108,PHI,94,NA
0021900866,20200226/BKNWAS,2020-02-26,WAS,110,BKN,106,NA
0021900867,20200226/ORLATL,2020-02-26,ATL,120,ORL,130,NA
0021900868,20200226/MINMIA,2020-02-26,MIA,126,MIN,129,NA
0021900869,20200226/DALSAS,2020-02-26,SAS,103,DAL,109,NA
0021900870,20200226/MEMHOU,2020-02-26,HOU,140,MEM,112,ESPN
0021900871,20200226/LACPHX,2020-02-26,PHX,92,LAC,102,NA
0021900872,20200226/BOSUTA,2020-02-26,UTA,103,BOS,114,ESPN
0021900873,20200227/NYKPHI,2020-02-27,PHI,115,NYK,106,NA
0021900874,20200227/PORIND,2020-02-27,IND,106,POR,100,TNT
0021900875,20200227/SACOKC,2020-02-27,OKC,112,SAC,108,NA
0021900876,20200227/LALGSW,2020-02-27,GSW,86,LAL,116,TNT
0021900877,20200228/MINORL,2020-02-28,ORL,136,MIN,125,NA
0021900878,20200228/BKNATL,2020-02-28,ATL,141,BKN,118,NA
0021900879,20200228/CHATOR,2020-02-28,TOR,96,CHA,99,NA
0021900880,20200228/DALMIA,2020-02-28,MIA,126,DAL,118,NA
0021900881,20200228/SACMEM,2020-02-28,MEM,101,SAC,104,NA
0021900882,20200228/OKCMIL,2020-02-28,MIL,133,OKC,86,ESPN
0021900883,20200228/CLENOP,2020-02-28,NOP,116,CLE,104,NA
0021900884,20200228/DETPHX,2020-02-28,PHX,111,DET,113,NA
0021900885,20200228/WASUTA,2020-02-28,UTA,129,WAS,119,NA
0021900886,20200228/DENLAC,2020-02-28,LAC,132,DEN,103,ESPN
0021900887,20200229/CHINYK,2020-02-29,NYK,125,CHI,115,NA
0021900888,20200229/PORATL,2020-02-29,ATL,129,POR,117,NA
0021900889,20200229/BKNMIA,2020-02-29,MIA,116,BKN,113,NA
0021900890,20200229/INDCLE,2020-02-29,CLE,104,IND,113,NA
0021900891,20200229/LALMEM,2020-02-29,MEM,105,LAL,88,NA
0021900892,20200229/HOUBOS,2020-02-29,BOS,110,HOU,111,ABC
0021900893,20200229/ORLSAS,2020-02-29,SAS,114,ORL,113,NA
0021900894,20200229/GSWPHX,2020-02-29,PHX,99,GSW,115,NA
0021900895,20200301/MILCHA,2020-03-01,CHA,85,MIL,93,NA
0021900896,20200301/DALMIN,2020-03-01,MIN,91,DAL,111,NA
0021900897,20200301/PHILAC,2020-03-01,LAC,136,PHI,130,ABC
0021900898,20200301/TORDEN,2020-03-01,DEN,133,TOR,118,NA
0021900899,20200301/DETSAC,2020-03-01,SAC,106,DET,100,NA
0021900900,20200301/LALNOP,2020-03-01,NOP,114,LAL,122,ESPN
0021900901,20200301/WASGSW,2020-03-01,GSW,110,WAS,124,NA
0021900902,20200302/UTACLE,2020-03-02,CLE,113,UTA,126,NA
0021900903,20200302/HOUNYK,2020-03-02,NYK,125,HOU,123,NA
0021900904,20200302/PORORL,2020-03-02,ORL,107,POR,130,NA
0021900905,20200302/MEMATL,2020-03-02,ATL,88,MEM,127,NA
0021900906,20200302/MILMIA,2020-03-02,MIA,105,MIL,89,NBA TV
0021900907,20200302/DALCHI,2020-03-02,CHI,109,DAL,107,NA
0021900908,20200302/INDSAS,2020-03-02,SAS,111,IND,116,NA
0021900909,20200303/SASCHA,2020-03-03,CHA,103,SAS,104,NA
0021900910,20200303/BKNBOS,2020-03-03,BOS,120,BKN,129,TNT
0021900911,20200303/MINNOP,2020-03-03,NOP,134,MIN,139,NA
0021900912,20200303/LACOKC,2020-03-03,OKC,94,LAC,109,NA
0021900913,20200303/GSWDEN,2020-03-03,DEN,100,GSW,116,NA
0021900914,20200303/TORPHX,2020-03-03,PHX,114,TOR,123,NA
0021900915,20200303/PHILAL,2020-03-03,LAL,120,PHI,107,TNT
0021900916,20200303/WASSAC,2020-03-03,SAC,133,WAS,126,NA
0021900917,20200304/BOSCLE,2020-03-04,CLE,106,BOS,112,NA
0021900918,20200304/OKCDET,2020-03-04,DET,107,OKC,114,NA
0021900919,20200304/ORLMIA,2020-03-04,MIA,116,ORL,113,NA
0021900920,20200304/MEMBKN,2020-03-04,BKN,79,MEM,118,NA
0021900921,20200304/UTANYK,2020-03-04,NYK,104,UTA,112,NA
0021900922,20200304/CHIMIN,2020-03-04,MIN,115,CHI,108,NA
0021900923,20200304/NOPDAL,2020-03-04,DAL,127,NOP,123,ESPN
0021900924,20200304/INDMIL,2020-03-04,MIL,119,IND,100,ESPN
0021900925,20200304/WASPOR,2020-03-04,POR,125,WAS,104,NA
0021900926,20200305/DENCHA,2020-03-05,CHA,112,DEN,114,NA
0021900927,20200305/LACHOU,2020-03-05,HOU,105,LAC,120,TNT
0021900928,20200305/PHISAC,2020-03-05,SAC,108,PHI,125,NA
0021900929,20200305/TORGSW,2020-03-05,GSW,113,TOR,121,TNT
0021900930,20200306/ATLWAS,2020-03-06,WAS,118,ATL,112,NA
0021900931,20200306/SASBKN,2020-03-06,BKN,139,SAS,120,NA
0021900932,20200306/OKCNYK,2020-03-06,NYK,103,OKC,126,NA
0021900933,20200306/UTABOS,2020-03-06,BOS,94,UTA,99,NA
0021900934,20200306/INDCHI,2020-03-06,CHI,102,IND,108,NA
0021900935,20200306/ORLMIN,2020-03-06,MIN,118,ORL,132,NA
0021900936,20200306/MIANOP,2020-03-06,NOP,110,MIA,104,ESPN
0021900937,20200306/MEMDAL,2020-03-06,DAL,121,MEM,96,NA
0021900938,20200306/PORPHX,2020-03-06,PHX,127,POR,117,NA
0021900939,20200306/MILLAL,2020-03-06,LAL,113,MIL,103,ESPN
0021900940,20200307/HOUCHA,2020-03-07,CHA,108,HOU,99,NA
0021900941,20200307/UTADET,2020-03-07,DET,105,UTA,111,NA
0021900942,20200307/DENCLE,2020-03-07,CLE,104,DEN,102,NA
0021900943,20200307/ATLMEM,2020-03-07,MEM,118,ATL,101,NA
0021900944,20200307/PHIGSW,2020-03-07,GSW,118,PHI,114,ABC
0021900945,20200307/SACPOR,2020-03-07,POR,111,SAC,123,NA
0021900946,20200308/CHIBKN,2020-03-08,BKN,110,CHI,107,NA
0021900947,20200308/NOPMIN,2020-03-08,MIN,107,NOP,120,NA
0021900948,20200308/LALLAC,2020-03-08,LAC,103,LAL,112,ABC
0021900949,20200308/OKCBOS,2020-03-08,BOS,104,OKC,105,NBA TV
0021900950,20200308/MILPHX,2020-03-08,PHX,140,MIL,131,NA
0021900951,20200308/MIAWAS,2020-03-08,WAS,89,MIA,100,NA
0021900952,20200308/INDDAL,2020-03-08,DAL,109,IND,112,NA
0021900953,20200308/ORLHOU,2020-03-08,HOU,106,ORL,126,NA
0021900954,20200308/SASCLE,2020-03-08,CLE,132,SAS,129,NA
0021900955,20200308/DETNYK,2020-03-08,NYK,96,DET,84,NA
0021900956,20200308/TORSAC,2020-03-08,SAC,113,TOR,118,NBA TV
0021900957,20200309/CHAATL,2020-03-09,ATL,143,CHA,138,NA
0021900958,20200309/MILDEN,2020-03-09,DEN,109,MIL,95,NBA TV
0021900959,20200309/TORUTA,2020-03-09,UTA,92,TOR,101,NA
0021900960,20200310/BOSIND,2020-03-10,IND,111,BOS,114,NA
0021900961,20200310/NYKWAS,2020-03-10,WAS,122,NYK,115,NA
0021900962,20200310/CLECHI,2020-03-10,CHI,108,CLE,103,NA
0021900963,20200310/MINHOU,2020-03-10,HOU,117,MIN,111,NA
0021900964,20200310/ORLMEM,2020-03-10,MEM,115,ORL,120,NA
0021900965,20200310/DALSAS,2020-03-10,SAS,119,DAL,109,TNT
0021900966,20200310/PHXPOR,2020-03-10,POR,121,PHX,105,NA
0021900967,20200310/LACGSW,2020-03-10,GSW,107,LAC,131,TNT
0021900968,20200310/BKNLAL,2020-03-10,LAL,102,BKN,104,NA
0021900969,20200311/NYKATL,2020-03-11,ATL,131,NYK,136,NA
0021900970,20200311/CHAMIA,2020-03-11,MIA,98,CHA,109,NA
0021900971,20200311/DETPHI,2020-03-11,PHI,124,DET,106,NA
0021900973,20200311/DENDAL,2020-03-11,DAL,113,DEN,97,ESPN
0011900101,20200722/ORLLAC,2020-07-22,LAC,99,ORL,90,NBA TV
0011900102,20200722/WASDEN,2020-07-22,DEN,89,WAS,82,NA
0011900103,20200722/NOPBKN,2020-07-22,BKN,68,NOP,99,NBA TV
0011900104,20200722/SACMIA,2020-07-22,MIA,104,SAC,98,NA
0011900105,20200723/SASMIL,2020-07-23,MIL,113,SAS,92,NA
0011900106,20200723/PORIND,2020-07-23,IND,91,POR,88,NBA TV
0011900107,20200723/DALLAL,2020-07-23,LAL,104,DAL,108,NBA TV
0011900108,20200723/PHXUTA,2020-07-23,UTA,88,PHX,101,NA
0011900109,20200724/MEMPHI,2020-07-24,PHI,90,MEM,83,NA
0011900110,20200724/OKCBOS,2020-07-24,BOS,84,OKC,98,NBA TV
0011900111,20200724/HOUTOR,2020-07-24,TOR,94,HOU,83,NBA TV
0011900112,20200725/LALORL,2020-07-25,ORL,112,LAL,119,NBA TV
0011900113,20200725/MILSAC,2020-07-25,SAC,123,MIL,131,NA
0011900114,20200725/MIAUTA,2020-07-25,UTA,101,MIA,99,NBA TV
0011900115,20200725/BKNSAS,2020-07-25,SAS,119,BKN,124,NA
0011900116,20200725/LACWAS,2020-07-25,WAS,100,LAC,105,NA
0011900117,20200725/DENNOP,2020-07-25,NOP,119,DEN,104,NA
0011900118,20200726/PHIOKC,2020-07-26,OKC,102,PHI,97,NBA TV
0011900119,20200726/PHXBOS,2020-07-26,BOS,117,PHX,103,NA
0011900120,20200726/INDDAL,2020-07-26,DAL,111,IND,118,NBA TV
0011900121,20200726/PORTOR,2020-07-26,TOR,110,POR,104,NBA TV
0011900122,20200726/HOUMEM,2020-07-26,MEM,104,HOU,119,NBA TV
0011900123,20200727/WASLAL,2020-07-27,LAL,123,WAS,116,NBA TV
0011900124,20200727/SACLAC,2020-07-27,LAC,102,SAC,106,NA
0011900125,20200727/UTABKN,2020-07-27,BKN,107,UTA,112,NBA TV
0011900126,20200727/ORLDEN,2020-07-27,DEN,110,ORL,114,NA
0011900127,20200727/NOPMIL,2020-07-27,MIL,103,NOP,124,NA
0011900128,20200728/MEMMIA,2020-07-28,MIA,110,MEM,128,NBA TV
0011900129,20200728/TORPHX,2020-07-28,PHX,117,TOR,106,NA
0011900130,20200728/SASIND,2020-07-28,IND,111,SAS,118,NBA TV
0011900131,20200728/OKCPOR,2020-07-28,POR,120,OKC,131,NA
0011900132,20200728/BOSHOU,2020-07-28,HOU,137,BOS,112,NA
0011900133,20200728/DALPHI,2020-07-28,PHI,115,DAL,118,NA
0021901231,20200730/UTANOP,2020-07-30,NOP,104,UTA,106,TNT
0021901232,20200730/LACLAL,2020-07-30,LAL,103,LAC,101,TNT
0021901233,20200731/ORLBKN,2020-07-31,BKN,118,ORL,128,NA
0021901234,20200731/MEMPOR,2020-07-31,POR,140,MEM,135,NBA TV
0021901235,20200731/PHXWAS,2020-07-31,WAS,112,PHX,125,NA
0021901236,20200731/BOSMIL,2020-07-31,MIL,119,BOS,112,ESPN
0021901237,20200731/SACSAS,2020-07-31,SAS,129,SAC,120,NA
0021901238,20200731/HOUDAL,2020-07-31,DAL,149,HOU,153,ESPN
0021901239,20200801/MIADEN,2020-08-01,DEN,105,MIA,125,ESPN
0021901240,20200801/UTAOKC,2020-08-01,OKC,110,UTA,94,ESPN
0021901241,20200801/NOPLAC,2020-08-01,LAC,126,NOP,103,ESPN
0021901242,20200801/PHIIND,2020-08-01,IND,127,PHI,121,NA
0021901243,20200801/LALTOR,2020-08-01,TOR,107,LAL,92,ESPN
0021901244,20200802/WASBKN,2020-08-02,BKN,118,WAS,110,NA
0021901245,20200802/PORBOS,2020-08-02,BOS,128,POR,124,ABC
0021901246,20200802/SASMEM,2020-08-02,MEM,106,SAS,108,NA
0021901247,20200802/SACORL,2020-08-02,ORL,132,SAC,116,NBA TV
0021901248,20200802/MILHOU,2020-08-02,HOU,120,MIL,116,ABC
0021901249,20200802/DALPHX,2020-08-02,PHX,117,DAL,115,NA
0021901250,20200803/TORMIA,2020-08-03,MIA,103,TOR,107,NBA TV
0021901251,20200803/DENOKC,2020-08-03,OKC,113,DEN,121,NBA TV
0021901252,20200803/INDWAS,2020-08-03,WAS,100,IND,111,NA
0021901253,20200803/MEMNOP,2020-08-03,NOP,109,MEM,99,ESPN
0021901254,20200803/SASPHI,2020-08-03,PHI,132,SAS,130,NA
0021901255,20200803/LALUTA,2020-08-03,UTA,108,LAL,116,ESPN
0021901256,20200804/BKNMIL,2020-08-04,MIL,116,BKN,119,NBA TV
0021901257,20200804/DALSAC,2020-08-04,SAC,110,DAL,114,NA
0021901258,20200804/PHXLAC,2020-08-04,LAC,115,PHX,117,NBA TV
0021901259,20200804/ORLIND,2020-08-04,IND,120,ORL,109,NA
0021901260,20200804/BOSMIA,2020-08-04,MIA,112,BOS,106,TNT
0021901261,20200804/HOUPOR,2020-08-04,POR,110,HOU,102,TNT
0021901262,20200805/MEMUTA,2020-08-05,UTA,124,MEM,115,NA
0021901263,20200805/PHIWAS,2020-08-05,WAS,98,PHI,107,NBA TV
0021901264,20200805/DENSAS,2020-08-05,SAS,126,DEN,132,NA
0021901265,20200805/OKCLAL,2020-08-05,LAL,86,OKC,105,ESPN
0021901266,20200805/TORORL,2020-08-05,ORL,99,TOR,109,NA
0021901267,20200805/BKNBOS,2020-08-05,BOS,149,BKN,115,ESPN
0021901268,20200806/NOPSAC,2020-08-06,SAC,140,NOP,125,NBA TV
0021901269,20200806/MIAMIL,2020-08-06,MIL,130,MIA,116,TNT
0021901270,20200806/INDPHX,2020-08-06,PHX,114,IND,99,NA
0021901271,20200806/LACDAL,2020-08-06,DAL,111,LAC,126,TNT
0021901272,20200806/PORDEN,2020-08-06,DEN,115,POR,125,NA
0021901273,20200806/LALHOU,2020-08-06,HOU,113,LAL,97,TNT
0021901274,20200807/UTASAS,2020-08-07,SAS,119,UTA,111,NA
0021901275,20200807/OKCMEM,2020-08-07,MEM,121,OKC,92,NBA TV
0021901276,20200807/SACBKN,2020-08-07,BKN,119,SAC,106,NA
0021901277,20200807/ORLPHI,2020-08-07,PHI,108,ORL,101,TNT
0021901278,20200807/WASNOP,2020-08-07,NOP,118,WAS,107,NA
0021901279,20200807/BOSTOR,2020-08-07,TOR,100,BOS,122,TNT
0021901280,20200808/LACPOR,2020-08-08,POR,117,LAC,122,TNT
0021901281,20200808/UTADEN,2020-08-08,DEN,134,UTA,132,TNT
0021901282,20200808/LALIND,2020-08-08,IND,116,LAL,111,TNT
0021901283,20200808/PHXMIA,2020-08-08,MIA,112,PHX,119,NA
0021901284,20200808/MILDAL,2020-08-08,DAL,136,MIL,132,ESPN
0021901285,20200809/WASOKC,2020-08-09,OKC,121,WAS,103,NA
0021901286,20200809/MEMTOR,2020-08-09,TOR,108,MEM,99,NA
0021901287,20200809/SASNOP,2020-08-09,NOP,113,SAS,122,ABC
0021901288,20200809/ORLBOS,2020-08-09,BOS,122,ORL,119,NA
0021901289,20200809/PHIPOR,2020-08-09,POR,124,PHI,121,NBA TV
0021901290,20200809/HOUSAC,2020-08-09,SAC,112,HOU,129,NA
0021901291,20200809/BKNLAC,2020-08-09,LAC,120,BKN,129,NBA TV
0021901292,20200810/OKCPHX,2020-08-10,PHX,128,OKC,101,NA
0021901293,20200810/DALUTA,2020-08-10,UTA,114,DAL,122,NBA TV
0021901294,20200810/TORMIL,2020-08-10,MIL,106,TOR,114,ESPN
0021901295,20200810/INDMIA,2020-08-10,MIA,114,IND,92,NA
0021901296,20200810/DENLAL,2020-08-10,LAL,124,DEN,121,TNT
0021901297,20200811/BKNORL,2020-08-11,ORL,96,BKN,108,NA
0021901298,20200811/HOUSAS,2020-08-11,SAS,123,HOU,105,NBA TV
0021901299,20200811/PHXPHI,2020-08-11,PHI,117,PHX,130,NA
0021901300,20200811/PORDAL,2020-08-11,DAL,131,POR,134,TNT
0021901301,20200811/BOSMEM,2020-08-11,MEM,107,BOS,122,NA
0021901302,20200811/NOPSAC,2020-08-11,SAC,112,NOP,106,TNT
0021901303,20200811/MILWAS,2020-08-11,WAS,113,MIL,126,NA
0021901304,20200812/INDHOU,2020-08-12,HOU,104,IND,108,NBA TV
0021901305,20200812/TORPHI,2020-08-12,PHI,121,TOR,125,ESPN
0021901306,20200812/MIAOKC,2020-08-12,OKC,116,MIA,115,NA
0021901307,20200812/LACDEN,2020-08-12,DEN,111,LAC,124,ESPN
0021901308,20200813/WASBOS,2020-08-13,BOS,90,WAS,96,NA
0021901309,20200813/PORBKN,2020-08-13,BKN,133,POR,134,TNT
0021901310,20200813/SACLAL,2020-08-13,LAL,122,SAC,136,NA
0021901311,20200813/MILMEM,2020-08-13,MEM,119,MIL,106,NA
0021901312,20200813/NOPORL,2020-08-13,ORL,133,NOP,127,NA
0021901313,20200813/DALPHX,2020-08-13,PHX,128,DAL,102,TNT
0021901314,20200813/SASUTA,2020-08-13,UTA,118,SAS,112,TNT
0021901315,20200814/PHIHOU,2020-08-14,HOU,96,PHI,134,ESPN
0021901316,20200814/MIAIND,2020-08-14,IND,109,MIA,92,ESPN
0021901317,20200814/OKCLAC,2020-08-14,LAC,107,OKC,103,ESPN
0021901318,20200814/DENTOR,2020-08-14,TOR,117,DEN,109,NA
0051900111,20200815/MEMPOR,2020-08-15,POR,126,MEM,122,ABC
0041900111,20200817/BKNTOR,2020-08-17,TOR,134,BKN,110,ESPN
0041900121,20200817/PHIBOS,2020-08-17,BOS,109,PHI,101,ESPN
0041900151,20200817/DALLAC,2020-08-17,LAC,118,DAL,110,ESPN
0041900161,20200817/UTADEN,2020-08-17,DEN,135,UTA,125,ESPN
0041900101,20200818/ORLMIL,2020-08-18,MIL,110,ORL,122,TNT
0041900131,20200818/MIAIND,2020-08-18,IND,101,MIA,113,TNT
0041900141,20200818/PORLAL,2020-08-18,LAL,93,POR,100,TNT
0041900171,20200818/OKCHOU,2020-08-18,HOU,123,OKC,108,TNT
0041900112,20200819/BKNTOR,2020-08-19,TOR,104,BKN,99,NBA TV
0041900122,20200819/PHIBOS,2020-08-19,BOS,128,PHI,101,TNT
0041900152,20200819/DALLAC,2020-08-19,LAC,114,DAL,127,TNT
0041900162,20200819/UTADEN,2020-08-19,DEN,105,UTA,124,TNT
0041900102,20200820/ORLMIL,2020-08-20,MIL,111,ORL,96,ESPN
0041900132,20200820/MIAIND,2020-08-20,IND,100,MIA,109,ESPN
0041900142,20200820/PORLAL,2020-08-20,LAL,111,POR,88,ESPN
0041900172,20200820/OKCHOU,2020-08-20,HOU,111,OKC,98,ESPN
0041900113,20200821/TORBKN,2020-08-21,BKN,92,TOR,117,NBA TV
0041900123,20200821/BOSPHI,2020-08-21,PHI,94,BOS,102,TNT
0041900153,20200821/LACDAL,2020-08-21,DAL,122,LAC,130,TNT
0041900163,20200821/DENUTA,2020-08-21,UTA,124,DEN,87,TNT
0041900103,20200822/MILORL,2020-08-22,ORL,107,MIL,121,TNT
0041900133,20200822/INDMIA,2020-08-22,MIA,124,IND,115,TNT
0041900143,20200822/LALPOR,2020-08-22,POR,108,LAL,116,ABC
0041900173,20200822/HOUOKC,2020-08-22,OKC,119,HOU,107,ESPN
0041900114,20200823/TORBKN,2020-08-23,BKN,122,TOR,150,TNT
0041900124,20200823/BOSPHI,2020-08-23,PHI,106,BOS,110,ABC
0041900154,20200823/LACDAL,2020-08-23,DAL,135,LAC,133,ABC
0041900164,20200823/DENUTA,2020-08-23,UTA,129,DEN,127,TNT
0041900104,20200824/MILORL,2020-08-24,ORL,106,MIL,121,NBA TV
0041900134,20200824/INDMIA,2020-08-24,MIA,99,IND,87,TNT
0041900144,20200824/LALPOR,2020-08-24,POR,115,LAL,135,TNT
0041900174,20200824/HOUOKC,2020-08-24,OKC,117,HOU,114,TNT
0041900155,20200825/DALLAC,2020-08-25,LAC,154,DAL,111,TNT
0041900165,20200825/UTADEN,2020-08-25,DEN,117,UTA,107,TNT
0041900105,20200829/ORLMIL,2020-08-29,MIL,118,ORL,104,ESPN
0041900145,20200829/PORLAL,2020-08-29,LAL,131,POR,122,TNT
0041900175,20200829/OKCHOU,2020-08-29,HOU,114,OKC,80,TNT
0041900156,20200830/LACDAL,2020-08-30,DAL,97,LAC,111,ESPN
0041900166,20200830/DENUTA,2020-08-30,UTA,107,DEN,119,TNT
0041900211,20200830/BOSTOR,2020-08-30,TOR,94,BOS,112,ESPN
0041900176,20200831/HOUOKC,2020-08-31,OKC,104,HOU,100,TNT
0041900201,20200831/MIAMIL,2020-08-31,MIL,104,MIA,115,TNT
0041900167,20200901/UTADEN,2020-09-01,DEN,80,UTA,78,ABC
0041900212,20200901/BOSTOR,2020-09-01,TOR,99,BOS,102,ESPN
0041900177,20200902/OKCHOU,2020-09-02,HOU,104,OKC,102,ESPN
0041900202,20200902/MIAMIL,2020-09-02,MIL,114,MIA,116,ESPN
0041900213,20200903/TORBOS,2020-09-03,BOS,103,TOR,104,TNT
0041900231,20200903/DENLAC,2020-09-03,LAC,120,DEN,97,TNT
0041900203,20200904/MILMIA,2020-09-04,MIA,115,MIL,100,TNT
0041900221,20200904/HOULAL,2020-09-04,LAL,97,HOU,112,ESPN
0041900214,20200905/TORBOS,2020-09-05,BOS,93,TOR,100,TNT
0041900232,20200905/DENLAC,2020-09-05,LAC,101,DEN,110,TNT
0041900204,20200906/MILMIA,2020-09-06,MIA,115,MIL,118,ABC
0041900222,20200906/HOULAL,2020-09-06,LAL,117,HOU,109,ABC
0041900215,20200907/BOSTOR,2020-09-07,TOR,89,BOS,111,TNT
0041900233,20200907/LACDEN,2020-09-07,DEN,107,LAC,113,TNT
0041900205,20200908/MIAMIL,2020-09-08,MIL,94,MIA,103,TNT
0041900223,20200908/LALHOU,2020-09-08,HOU,102,LAL,112,TNT
0041900216,20200909/TORBOS,2020-09-09,BOS,122,TOR,125,ESPN
0041900234,20200909/LACDEN,2020-09-09,DEN,85,LAC,96,ESPN
0041900224,20200910/LALHOU,2020-09-10,HOU,100,LAL,110,TNT
0041900217,20200911/BOSTOR,2020-09-11,TOR,87,BOS,92,TNT
0041900235,20200911/DENLAC,2020-09-11,LAC,105,DEN,111,TNT
0041900225,20200912/HOULAL,2020-09-12,LAL,119,HOU,96,ESPN
0041900236,20200913/LACDEN,2020-09-13,DEN,111,LAC,98,ESPN
0041900237,20200915/DENLAC,2020-09-15,LAC,89,DEN,104,ESPN
0041900301,20200915/MIABOS,2020-09-15,BOS,114,MIA,117,ESPN
0041900302,20200917/MIABOS,2020-09-17,BOS,101,MIA,106,ESPN
0041900311,20200918/DENLAL,2020-09-18,LAL,126,DEN,114,TNT
0041900303,20200919/BOSMIA,2020-09-19,MIA,106,BOS,117,ESPN
0041900312,20200920/DENLAL,2020-09-20,LAL,105,DEN,103,TNT
0041900313,20200922/LALDEN,2020-09-22,DEN,114,LAL,106,TNT
0041900304,20200923/BOSMIA,2020-09-23,MIA,112,BOS,109,ESPN
0041900314,20200924/LALDEN,2020-09-24,DEN,108,LAL,114,TNT
0041900305,20200925/MIABOS,2020-09-25,BOS,121,MIA,108,ESPN
0041900315,20200926/DENLAL,2020-09-26,LAL,117,DEN,107,TNT
0041900306,20200927/BOSMIA,2020-09-27,MIA,125,BOS,113,ESPN
0041900401,20200930/MIALAL,2020-09-30,LAL,116,MIA,98,ABC
0041900402,20201002/MIALAL,2020-10-02,LAL,124,MIA,114,ABC
0041900403,20201004/LALMIA,2020-10-04,MIA,115,LAL,104,ABC
0041900404,20201006/LALMIA,2020-10-06,MIA,96,LAL,102,ABC
0041900405,20201009/MIALAL,2020-10-09,LAL,108,MIA,111,ABC
0041900406,20201011/LALMIA,2020-10-11,MIA,93,LAL,106,ABC
