season,season_prefix,Referee,Games,Total fouls,Shooting,Personal,Loose ball,Personal take,Offensive charge,Offensive,Kicked ball,Technical,Defensive goaltending,Shooting block,Defensive 3 seconds,Delay of game,Personal block,Flagrant 1,Away from play,Double technical,Clear path,Double personal,Inbound foul,Delay technical,Lane violation,Jump ball violation,Flagrant 2,Hanging technical,Unsportsmanlike technical,Taunting technical,Excess timeout technical,Double lane,Too many players technical
2017,002,Aaron Smith,53,517,262,142,20,27,9,8,6,15,7,5,3,6,1,3,1,0,0,1,0,0,0,0,1,0,0,0,0,0,0
2017,002,Ben Taylor,51,799,327,222,63,23,12,52,11,22,15,17,6,8,11,2,1,0,1,0,2,0,3,0,1,0,0,0,0,0,0
2017,002,Bennie Adams,59,953,367,302,65,29,26,54,7,20,5,29,10,16,8,3,2,2,1,1,2,0,2,0,0,1,0,1,0,0,0
2017,002,Bill Kennedy,65,860,391,239,43,16,24,52,10,10,16,11,16,11,8,4,1,2,1,1,1,0,2,0,0,0,1,0,0,0,0
2017,002,Bill Spooner,58,665,285,164,44,18,25,43,11,11,6,15,7,13,7,3,1,1,0,1,2,1,2,1,1,1,1,1,0,0,0
2017,002,Brent Barnaky,68,948,406,254,65,21,36,61,12,13,13,20,9,11,15,4,1,1,1,1,2,0,1,0,0,1,0,0,0,0,0
2017,002,Brett Nansel,40,558,321,135,25,9,16,13,10,3,3,9,1,3,9,0,0,0,0,0,1,0,0,0,0,0,0,0,0,0,0
2017,002,Brian Forte,65,840,385,258,29,15,22,30,12,12,7,23,21,9,10,2,1,1,1,0,0,1,1,0,0,0,0,0,0,0,0
2017,002,CJ Washington,44,612,284,164,46,13,12,30,10,12,3,13,6,1,9,2,0,0,1,1,3,0,1,0,1,0,0,0,0,0,0
2017,002,Courtney Kirkland,62,929,405,236,83,16,31,65,30,11,11,9,6,10,9,1,1,0,2,0,0,1,0,1,0,1,0,0,0,0,0
2017,002,Curtis Blair,50,681,324,211,30,12,17,19,10,7,4,15,8,4,17,1,0,0,0,0,0,0,1,0,0,1,0,0,0,0,0
2017,002,Dan Crawford,60,947,387,273,71,18,31,63,16,10,12,16,7,10,13,2,1,6,1,3,2,0,2,0,0,1,0,0,2,0,0
2017,002,David Guthrie,44,715,297,226,50,8,18,31,8,12,7,25,3,6,14,3,1,0,1,2,2,0,1,0,0,0,0,0,0,0,0
2017,002,Dedric Taylor,55,754,363,197,46,22,15,29,16,7,10,14,6,8,14,1,1,0,0,0,3,1,0,0,0,1,0,0,0,0,0
2017,002,Derek Richardson,47,622,294,149,22,22,14,38,7,2,9,20,14,11,11,1,1,1,1,2,0,1,2,0,0,0,0,0,0,0,0
2017,002,Derrick Collins,64,874,400,232,38,27,18,51,20,5,6,35,9,8,21,0,0,0,1,1,0,0,1,0,0,1,0,0,0,0,0
2017,002,Derrick Stafford,63,842,385,238,54,21,21,51,13,6,10,12,3,8,14,0,0,1,1,0,0,0,1,1,0,0,1,0,0,0,1
2017,002,Ed Malloy,58,728,294,199,37,29,29,45,9,21,13,20,4,10,6,3,0,2,0,0,0,1,1,0,1,1,1,0,2,0,0
2017,002,Eric Dalen,58,691,352,175,36,19,17,27,13,7,9,9,4,5,8,1,2,1,1,0,3,0,1,1,0,0,0,0,0,0,0
2017,002,Eric Lewis,67,976,392,333,54,14,30,34,29,9,7,26,14,5,15,3,2,1,1,2,3,0,2,0,0,0,0,0,0,0,0
2017,002,Gary Zielinski,59,872,349,283,47,19,15,55,25,7,9,17,21,4,12,0,0,3,1,2,0,0,3,0,0,0,0,0,0,0,0
2017,002,Gediminas Petraitis,51,599,303,145,30,24,19,20,9,4,3,20,2,3,10,2,1,1,1,0,0,1,0,1,0,0,0,0,0,0,0
2017,002,Haywoode Workman,52,746,311,219,46,15,22,36,14,6,9,22,7,12,17,3,1,2,1,0,1,0,2,0,0,0,0,0,0,0,0
2017,002,J.T. Orr,54,775,375,215,42,20,20,32,9,14,5,7,8,8,9,2,3,0,1,0,0,0,4,0,0,0,0,0,0,1,0
2017,002,Jacyn Goble,34,432,218,128,9,12,13,16,4,10,2,9,0,3,4,0,2,0,2,0,0,0,0,0,0,0,0,0,0,0,0
2017,002,James Capers,62,1085,425,353,95,12,32,51,20,24,8,15,14,10,12,1,1,8,1,0,0,0,1,0,1,1,0,0,0,0,0
2017,002,James Williams,69,1007,408,313,69,24,19,45,19,26,4,16,20,17,11,2,3,4,1,0,2,1,1,1,1,0,0,0,0,0,0
2017,002,Jason Goldenberg,4,51,29,10,4,2,2,1,0,0,1,0,0,1,1,0,0,0,0,0,0,0,0,0,0,0,0,0,0,0,0
2017,002,Jason Phillips,33,443,190,125,27,11,13,14,15,9,5,9,4,5,6,1,0,6,1,0,0,0,1,1,0,0,0,0,0,0,0
2017,002,John Goble,70,1102,450,360,59,19,15,79,13,21,17,17,7,17,12,2,1,3,2,1,0,4,1,1,0,1,0,0,0,0,0
2017,002,Josh Tiven,69,1035,476,285,51,31,17,56,14,14,14,34,12,8,14,0,0,1,0,0,0,0,5,1,0,0,0,1,0,1,0
2017,002,Justin Van Duyne,58,932,415,246,49,26,26,60,13,13,13,21,21,12,6,0,1,1,1,1,0,3,2,0,1,1,0,0,0,0,0
2017,002,Kane Fitzgerald,69,1041,390,327,62,19,22,67,16,31,6,32,14,15,20,1,2,1,3,1,3,2,3,0,2,0,0,0,0,2,0
2017,002,Karl Lane,67,985,442,306,49,27,29,44,15,5,9,21,11,4,17,1,0,0,1,1,2,0,0,1,0,0,0,0,0,0,0
2017,002,Ken Mauer,63,938,440,256,45,18,21,33,11,23,7,38,5,8,18,2,0,7,2,1,1,1,0,0,0,0,0,1,0,0,0
2017,002,Kevin Cutler,57,774,352,233,46,27,21,32,12,7,5,17,6,1,10,0,0,2,0,0,1,1,1,0,0,0,0,0,0,0,0
2017,002,Kevin Scott,64,809,372,225,68,14,20,36,9,8,6,17,2,11,17,1,0,1,1,0,0,0,1,0,0,0,0,0,0,0,0
2017,002,Lauren Holtkamp,44,577,296,154,15,16,14,25,9,5,4,16,2,5,10,1,0,0,2,1,0,1,1,0,0,0,0,0,0,0,0
2017,002,Leon Wood,51,668,272,207,48,16,23,39,15,7,6,9,7,4,12,0,1,1,0,0,1,0,0,0,0,0,0,0,0,0,0
2017,002,Leroy Richardson,57,798,396,201,32,22,19,31,26,11,11,15,12,8,9,1,0,1,0,1,0,1,1,0,0,0,0,0,0,0,0
2017,002,Marat Kogut,61,921,398,276,60,21,31,45,9,18,7,20,8,13,12,0,0,0,0,0,1,0,1,0,1,0,0,0,0,0,0
2017,002,Marc Davis,65,846,377,220,41,31,16,26,17,24,14,18,11,23,9,1,0,4,2,0,3,2,2,0,2,0,0,3,0,0,0
2017,002,Mark Ayotte,55,782,376,245,56,17,14,25,5,7,4,8,6,4,11,0,0,0,2,0,2,0,0,0,0,0,0,0,0,0,0
2017,002,Mark Lindsay,64,823,426,248,36,17,22,26,11,1,3,6,12,5,4,2,0,1,3,0,0,0,0,0,0,0,0,0,0,0,0
2017,002,Matt Boland,64,843,305,306,65,23,26,36,9,6,7,22,11,4,17,1,1,2,0,0,2,0,0,0,0,0,0,0,0,0,0
2017,002,Michael Smith,59,834,408,238,29,22,33,32,10,7,6,14,9,7,10,1,0,2,0,0,1,2,1,1,0,0,1,0,0,0,0
2017,002,Mike Callahan,61,744,338,237,35,14,12,33,15,12,2,12,9,7,6,5,1,2,0,0,1,0,0,0,2,1,0,0,0,0,0
2017,002,Mitchell Ervin,45,750,371,227,37,21,19,20,3,6,7,11,5,7,10,1,0,1,1,0,2,0,0,1,0,0,0,0,0,0,0
2017,002,Monty McCutchen,64,1009,370,336,67,15,18,52,18,24,13,26,27,16,12,2,1,5,0,2,2,1,0,0,1,1,0,0,0,0,0
2017,002,Nick Buchert,53,789,321,233,54,20,20,58,15,10,8,15,7,8,13,0,2,1,0,0,3,0,1,0,0,0,0,0,0,0,0
2017,002,Pat Fraher,65,819,412,184,49,27,20,43,7,10,3,21,15,6,11,3,0,3,0,0,0,0,3,1,0,0,0,1,0,0,0
2017,002,Phenizee Ransom,4,31,16,5,2,0,1,2,1,0,0,1,0,1,1,0,1,0,0,0,0,0,0,0,0,0,0,0,0,0,0
2017,002,Rodney Mott,65,889,320,246,74,29,25,87,13,16,13,20,13,5,16,1,0,3,2,1,0,1,3,0,1,0,0,0,0,0,0
2017,002,Ron Garretson,56,758,335,243,41,22,20,16,19,7,12,16,12,0,10,3,1,0,0,0,0,0,0,0,0,0,0,0,0,1,0
2017,002,Scott Foster,69,1161,504,299,98,16,33,82,11,19,15,35,9,6,17,5,0,2,0,1,0,2,4,1,1,0,0,0,0,0,1
2017,002,Scott Twardoski,49,651,316,154,44,17,14,24,18,8,1,23,5,3,21,1,0,0,0,1,0,0,1,0,0,0,0,0,0,0,0
2017,002,Scott Wall,43,677,326,173,59,15,14,35,13,11,5,12,1,1,9,2,1,0,0,0,0,0,0,0,0,0,0,0,0,0,0
2017,002,Sean Corbin,61,982,410,316,33,21,14,51,9,11,12,40,22,9,22,3,0,1,2,1,3,0,0,0,0,1,1,0,0,0,0
2017,002,Sean Wright,61,975,414,321,82,22,24,26,12,8,8,17,3,9,20,1,0,2,4,0,0,1,1,0,0,0,0,0,0,0,0
2017,002,Steve Anderson,46,632,300,170,34,15,22,27,6,12,10,15,5,3,12,1,0,0,0,0,0,0,0,0,0,0,0,0,0,0,0
2017,002,Tom Washington,60,805,353,254,30,16,19,49,18,1,9,11,6,9,22,2,0,3,0,0,0,2,0,0,0,0,0,0,0,0,1
2017,002,Tony Brothers,61,934,403,237,42,17,32,70,17,18,14,34,11,10,12,6,1,3,1,0,5,0,0,0,0,0,0,1,0,0,0
2017,002,Tony Brown,59,890,358,281,64,17,17,65,10,7,7,24,6,11,13,0,2,2,2,0,4,0,0,0,0,0,0,0,0,0,0
2017,002,Tre Maddox,58,839,377,245,44,28,30,41,12,13,1,15,4,15,8,2,1,1,0,0,1,0,1,0,0,0,0,0,0,0,0
2017,002,Tyler Ford,58,889,429,247,50,19,20,40,17,12,7,20,4,8,10,1,0,0,3,0,0,0,1,0,1,0,0,0,0,0,0
2017,002,Vladimir Voyard-Tadal,4,57,29,12,7,0,1,3,0,0,2,2,0,1,0,0,0,0,0,0,0,0,0,0,0,0,0,0,0,0,0
2017,002,Zach Zarba,61,829,330,256,57,27,26,36,10,9,7,24,8,6,23,1,0,5,1,0,2,1,0,0,0,0,0,0,0,0,0
2017,002,NA,2,4,4,0,0,0,0,0,0,0,0,0,0,0,0,0,0,0,0,0,0,0,0,0,0,0,0,0,0,0,0
2017,004,Bennie Adams,3,48,18,20,0,1,0,3,0,1,0,2,0,0,1,1,1,0,0,0,0,0,0,0,0,0,0,0,0,0,0
2017,004,Bill Kennedy,8,101,42,40,6,1,2,6,1,0,1,2,0,0,0,0,0,0,0,0,0,0,0,0,0,0,0,0,0,0,0
2017,004,Bill Spooner,5,47,18,15,5,2,0,2,1,0,1,1,2,0,0,0,0,0,0,0,0,0,0,0,0,0,0,0,0,0,0
2017,004,Brent Barnaky,1,13,5,2,0,0,2,2,0,0,1,0,1,0,0,0,0,0,0,0,0,0,0,0,0,0,0,0,0,0,0
2017,004,Brian Forte,4,55,24,19,0,4,0,4,1,0,0,1,0,0,2,0,0,0,0,0,0,0,0,0,0,0,0,0,0,0,0
2017,004,Courtney Kirkland,4,58,33,16,1,1,0,3,0,0,0,0,0,1,2,0,1,0,0,0,0,0,0,0,0,0,0,0,0,0,0
2017,004,Dan Crawford,14,250,83,79,26,9,5,13,3,8,4,5,2,4,7,0,0,2,0,0,0,0,0,0,0,0,0,0,0,0,0
2017,004,David Guthrie,5,68,32,18,3,4,3,3,1,0,1,2,0,0,1,0,0,0,0,0,0,0,0,0,0,0,0,0,0,0,0
2017,004,Derrick Collins,4,70,27,18,3,0,2,4,3,1,2,1,1,1,7,0,0,0,0,0,0,0,0,0,0,0,0,0,0,0,0
2017,004,Derrick Stafford,11,155,70,40,6,5,5,13,2,0,2,6,0,2,2,0,0,0,1,0,1,0,0,0,0,0,0,0,0,0,0
2017,004,Ed Malloy,11,173,77,52,11,0,7,6,2,2,3,9,2,1,1,0,0,0,0,0,0,0,0,0,0,0,0,0,0,0,0
2017,004,Eric Lewis,3,48,23,16,4,0,2,1,0,1,0,1,0,0,0,0,0,0,0,0,0,0,0,0,0,0,0,0,0,0,0
2017,004,James Capers,11,171,72,61,10,1,4,6,0,1,3,4,0,2,2,1,0,3,0,0,0,0,0,0,0,0,1,0,0,0,0
2017,004,James Williams,5,57,23,19,3,1,2,4,0,0,1,1,1,0,1,0,0,1,0,0,0,0,0,0,0,0,0,0,0,0,0
2017,004,John Goble,10,143,60,48,9,3,2,8,2,2,2,1,1,0,3,0,0,1,0,0,0,0,0,1,0,0,0,0,0,0,0
2017,004,Josh Tiven,3,42,25,9,2,4,0,1,0,0,0,0,0,1,0,0,0,0,0,0,0,0,0,0,0,0,0,0,0,0,0
2017,004,Kane Fitzgerald,6,94,36,32,8,2,4,3,0,1,1,4,1,1,1,0,0,0,0,0,0,0,0,0,0,0,0,0,0,0,0
2017,004,Ken Mauer,10,154,56,52,5,2,4,8,2,7,1,7,1,2,5,0,0,1,0,0,0,0,0,1,0,0,0,0,0,0,0
2017,004,Leon Wood,1,13,6,3,1,1,1,1,0,0,0,0,0,0,0,0,0,0,0,0,0,0,0,0,0,0,0,0,0,0,0
2017,004,Leroy Richardson,2,32,15,8,3,0,2,1,0,0,0,0,0,2,0,1,0,0,0,0,0,0,0,0,0,0,0,0,0,0,0
2017,004,Marc Davis,11,185,76,53,7,3,4,6,5,8,4,4,1,6,2,0,0,2,0,0,2,2,0,0,0,0,0,0,0,0,0
2017,004,Mark Ayotte,1,12,5,4,1,0,0,1,1,0,0,0,0,0,0,0,0,0,0,0,0,0,0,0,0,0,0,0,0,0,0
2017,004,Mark Lindsay,2,26,12,10,1,2,0,0,1,0,0,0,0,0,0,0,0,0,0,0,0,0,0,0,0,0,0,0,0,0,0
2017,004,Matt Boland,1,12,2,4,2,0,0,2,0,0,0,1,0,0,1,0,0,0,0,0,0,0,0,0,0,0,0,0,0,0,0
2017,004,Michael Smith,1,16,9,6,0,0,1,0,0,0,0,0,0,0,0,0,0,0,0,0,0,0,0,0,0,0,0,0,0,0,0
2017,004,Mike Callahan,13,182,84,53,12,1,3,9,1,2,0,3,3,1,3,2,0,1,2,1,1,0,0,0,0,0,0,0,0,0,0
2017,004,Monty McCutchen,13,224,79,70,19,8,2,14,4,8,3,3,0,2,7,0,1,3,0,0,0,0,0,0,1,0,0,0,0,0,0
2017,004,Pat Fraher,6,64,32,22,3,1,0,1,1,0,1,0,1,0,1,0,0,1,0,0,0,0,0,0,0,0,0,0,0,0,0
2017,004,Rodney Mott,5,73,27,18,6,3,4,5,0,1,2,1,1,0,4,0,0,0,0,0,1,0,0,0,0,0,0,0,0,0,0
2017,004,Ron Garretson,7,87,36,27,4,5,2,3,1,0,0,3,1,0,5,0,0,0,0,0,0,0,0,0,0,0,0,0,0,0,0
2017,004,Scott Foster,12,199,85,49,14,3,9,12,1,5,3,2,0,4,4,0,1,4,1,1,0,1,0,0,0,0,0,0,0,0,0
2017,004,Sean Corbin,6,98,45,32,4,0,2,3,1,1,2,5,1,0,2,0,0,0,0,0,0,0,0,0,0,0,0,0,0,0,0
2017,004,Sean Wright,8,95,52,26,6,0,0,1,0,1,1,6,0,0,2,0,0,0,0,0,0,0,0,0,0,0,0,0,0,0,0
2017,004,Tom Washington,5,68,33,26,0,2,0,4,0,0,0,3,0,0,0,0,0,0,0,0,0,0,0,0,0,0,0,0,0,0,0
2017,004,Tony Brothers,11,141,67,42,10,0,2,10,2,2,1,1,0,2,2,0,0,0,0,0,0,0,0,0,0,0,0,0,0,0,0
2017,004,Tony Brown,3,55,22,17,1,3,0,6,0,1,1,0,2,1,0,0,0,1,0,0,0,0,0,0,0,0,0,0,0,0,0
2017,004,Zach Zarba,11,165,73,56,11,4,4,3,0,1,2,5,0,0,6,0,0,0,0,0,0,0,0,0,0,0,0,0,0,0,0
2018,002,Aaron Smith,44,500,234,159,45,6,15,0,10,11,2,5,1,5,5,0,0,2,0,0,0,0,0,0,0,0,0,0,0,0,0
2018,002,Ben Taylor,48,708,306,247,54,16,17,5,12,8,6,7,5,4,15,0,0,1,1,1,1,1,1,0,0,0,0,0,0,0,0
2018,002,Bennie Adams,48,725,312,244,42,15,22,13,17,19,1,7,6,3,13,3,3,0,2,1,1,1,0,0,0,0,0,0,0,0,0
2018,002,Bill Kennedy,43,537,214,187,34,9,17,12,10,14,11,3,7,4,8,3,1,1,0,2,0,0,0,0,0,0,0,0,0,0,0
2018,002,Bill Spooner,34,427,200,120,27,12,23,3,4,6,8,9,1,2,7,1,0,0,2,1,1,0,0,0,0,0,0,0,0,0,0
2018,002,Brandon Adair,6,52,27,16,2,2,1,1,2,0,1,0,0,0,0,0,0,0,0,0,0,0,0,0,0,0,0,0,0,0,0
2018,002,Brent Barnaky,52,682,318,224,34,14,25,8,12,8,2,5,8,8,10,3,0,0,0,2,0,0,1,0,0,0,0,0,0,0,0
2018,002,Brett Nansel,33,480,275,130,12,19,5,5,7,3,2,1,3,4,11,1,0,1,0,0,0,0,0,0,0,0,0,1,0,0,0
2018,002,Brian Forte,49,695,310,219,36,17,14,7,15,27,3,19,7,10,10,1,0,0,0,0,0,0,0,0,0,0,0,0,0,0,0
2018,002,CJ Washington,31,426,203,129,27,11,13,5,5,11,3,7,6,1,3,1,0,1,0,0,0,0,0,0,0,0,0,0,0,0,0
2018,002,Courtney Kirkland,49,677,276,241,55,13,28,17,15,7,8,1,3,4,3,0,1,1,0,2,0,0,0,1,0,1,0,0,0,0,0
2018,002,Curtis Blair,49,622,290,218,21,19,23,5,10,4,3,7,7,3,7,1,3,0,1,0,0,0,0,0,0,0,0,0,0,0,0
2018,002,David Guthrie,50,791,303,284,44,16,28,8,16,33,9,13,10,8,11,2,2,1,0,2,0,0,0,0,0,0,0,1,0,0,0
2018,002,Dedric Taylor,48,619,292,201,30,21,26,7,13,6,4,4,4,5,3,2,1,0,0,0,0,0,0,0,0,0,0,0,0,0,0
2018,002,Derek Richardson,40,518,220,159,24,26,21,6,8,2,10,15,9,4,7,0,0,1,0,3,1,0,0,2,0,0,0,0,0,0,0
2018,002,Derrick Collins,45,564,250,169,28,13,20,6,22,3,5,13,7,5,13,0,0,4,3,0,1,2,0,0,0,0,0,0,0,0,0
2018,002,Derrick Stafford,47,617,302,178,39,12,24,9,11,11,10,2,3,4,9,0,1,0,0,0,0,0,1,0,0,0,1,0,0,0,0
2018,002,Ed Malloy,47,590,271,183,23,19,21,8,16,14,7,9,0,7,6,0,0,4,0,0,0,0,0,0,0,0,1,1,0,0,0
2018,002,Eric Dalen,23,241,132,64,8,3,9,4,3,4,3,5,2,2,1,0,1,0,0,0,0,0,0,0,0,0,0,0,0,0,0
2018,002,Eric Lewis,49,772,311,279,37,21,26,5,10,22,9,7,14,7,13,1,2,0,0,4,3,1,0,0,0,0,0,0,0,0,0
2018,002,Gary Zielinski,49,665,277,252,29,16,20,2,21,5,6,2,15,9,4,2,1,0,0,3,1,0,0,0,0,0,0,0,0,0,0
2018,002,Gediminas Petraitis,45,537,268,179,30,4,8,2,7,8,4,7,2,2,12,0,0,0,2,0,1,0,0,1,0,0,0,0,0,0,0
2018,002,Haywoode Workman,45,589,262,202,24,13,23,11,11,2,2,7,11,7,7,2,2,2,0,0,0,0,0,1,0,0,0,0,0,0,0
2018,002,J.T. Orr,48,679,289,219,51,20,19,6,26,7,6,7,6,5,9,1,1,1,1,4,0,0,1,0,0,0,0,0,0,0,0
2018,002,JB DeRosa,27,303,141,83,15,10,10,7,8,4,4,8,0,7,5,0,0,1,0,0,0,0,0,0,0,0,0,0,0,0,0
2018,002,Jacyn Goble,40,488,235,150,24,8,11,8,8,19,7,4,0,2,7,2,0,1,1,0,1,0,0,0,0,0,0,0,0,0,0
2018,002,James Capers,47,756,265,300,71,11,31,8,16,18,6,1,6,4,4,1,0,4,2,6,1,0,0,0,0,0,0,1,0,0,0
2018,002,James Williams,46,662,281,215,42,20,25,3,10,17,13,7,9,9,3,3,3,0,0,0,1,1,0,0,0,0,0,0,0,0,0
2018,002,Jason Goldenberg,33,516,232,175,29,11,17,9,10,6,5,7,2,3,4,1,0,0,1,0,2,1,0,1,0,0,0,0,0,0,0
2018,002,Jason Phillips,23,315,155,110,19,4,7,2,3,4,7,3,0,0,1,0,0,0,0,0,0,0,0,0,0,0,0,0,0,0,0
2018,002,John Goble,47,667,275,240,41,13,17,13,9,20,6,6,4,6,5,2,5,3,0,1,1,0,0,0,0,0,0,0,0,0,0
2018,002,Jonathan Sterling,35,413,190,114,28,8,17,11,9,6,4,4,4,3,10,1,2,1,0,0,1,0,0,0,0,0,0,0,0,0,0
2018,002,Josh Tiven,43,580,286,192,25,13,13,3,6,12,7,8,3,3,6,1,2,0,0,0,0,0,0,0,0,0,0,0,0,0,0
2018,002,Justin Van Duyne,40,591,274,190,36,20,14,8,7,6,3,10,14,3,5,0,0,0,0,0,0,1,0,0,0,0,0,0,0,0,0
2018,002,Kane Fitzgerald,45,642,257,238,38,7,17,13,9,16,3,6,8,11,9,3,1,2,0,0,1,1,1,0,0,0,0,0,0,0,1
2018,002,Karl Lane,48,692,302,269,25,13,26,9,7,5,5,6,6,6,5,0,3,0,1,0,2,1,1,0,0,0,0,0,0,0,0
2018,002,Ken Mauer,49,718,339,235,35,20,24,7,8,11,7,8,0,2,13,4,0,2,1,0,1,0,0,1,0,0,0,0,0,0,0
2018,002,Kevin Cutler,49,600,283,213,27,12,13,4,13,6,2,11,1,4,5,1,3,0,1,0,0,0,1,0,0,0,0,0,0,0,0
2018,002,Kevin Scott,45,571,242,208,34,16,13,4,13,10,8,4,0,5,7,0,2,2,1,0,0,1,0,1,0,0,0,0,0,0,0
2018,002,Lauren Holtkamp,43,570,272,196,20,14,22,10,8,6,7,3,2,1,4,1,3,0,1,0,0,0,0,0,0,0,0,0,0,0,0
2018,002,Leon Wood,47,571,222,215,49,17,19,5,19,1,6,1,2,6,5,0,3,0,0,0,0,0,0,0,0,0,0,1,0,0,0
2018,002,Leroy Richardson,48,667,314,219,19,15,15,14,15,10,12,10,4,4,11,2,0,1,1,0,0,0,0,0,0,0,0,1,0,0,0
2018,002,Marat Kogut,51,709,332,226,32,18,27,16,10,10,9,4,4,5,9,1,3,1,1,0,1,0,0,0,0,0,0,0,0,0,0
2018,002,Marc Davis,50,715,321,242,34,11,13,6,14,25,10,7,9,9,4,2,0,4,0,2,1,1,0,0,0,0,0,0,0,0,0
2018,002,Mark Ayotte,50,631,280,243,18,19,11,4,13,8,7,7,2,1,12,5,0,0,1,0,0,0,0,0,0,0,0,0,0,0,0
2018,002,Mark Lindsay,45,556,244,198,24,10,17,4,17,5,6,3,14,3,4,1,2,2,1,0,1,0,0,0,0,0,0,0,0,0,0
2018,002,Matt Boland,49,685,245,264,50,21,31,1,14,13,8,9,3,6,15,1,1,0,0,0,2,1,0,0,0,0,0,0,0,0,0
2018,002,Matt Myers,3,28,19,5,1,0,1,0,1,0,1,0,0,0,0,0,0,0,0,0,0,0,0,0,0,0,0,0,0,0,0
2018,002,Michael Smith,46,704,298,255,22,14,31,13,9,16,3,4,11,8,10,1,2,2,1,0,3,1,0,0,0,0,0,0,0,0,0
2018,002,Mike Callahan,48,622,285,206,27,24,13,5,16,4,7,3,10,5,4,5,2,4,0,0,0,2,0,0,0,0,0,0,0,0,0
2018,002,Mitchell Ervin,38,555,262,169,33,23,12,13,7,7,3,8,6,2,5,3,1,0,0,0,0,0,0,0,1,0,0,0,0,0,0
2018,002,Monty McCutchen,18,259,88,110,15,5,12,3,3,5,2,2,7,4,1,0,1,1,0,0,0,0,0,0,0,0,0,0,0,0,0
2018,002,Nick Buchert,49,765,346,253,44,20,19,6,12,13,8,5,9,7,9,1,3,4,0,0,3,1,0,1,1,0,0,0,0,0,0
2018,002,Pat Fraher,49,542,276,176,23,8,11,5,9,9,1,5,6,6,2,1,0,2,0,2,0,0,0,0,0,0,0,0,0,0,0
2018,002,Phenizee Ransom,7,68,27,25,6,5,3,1,0,1,0,0,0,0,0,0,0,0,0,0,0,0,0,0,0,0,0,0,0,0,0
2018,002,Randy Richardson,5,55,33,11,4,1,1,1,0,0,1,1,1,0,1,0,0,0,0,0,0,0,0,0,0,0,0,0,0,0,0
2018,002,Ray Acosta,25,314,161,101,13,8,10,4,1,7,5,2,0,1,1,0,0,0,0,0,0,0,0,0,0,0,0,0,0,0,0
2018,002,Rodney Mott,49,655,260,244,54,15,19,8,12,10,11,4,5,2,3,0,1,3,0,1,1,1,0,0,1,0,0,0,0,0,0
2018,002,Ron Garretson,52,634,282,217,34,22,23,2,12,9,8,7,6,3,5,1,0,1,1,0,0,0,1,0,0,0,0,0,0,0,0
2018,002,Scott Foster,47,736,303,257,53,15,18,14,17,10,12,11,7,4,8,2,1,0,2,0,0,0,0,1,0,1,0,0,0,0,0
2018,002,Scott Twardoski,46,586,286,182,28,16,21,4,7,7,5,7,10,3,6,3,0,0,0,0,0,0,1,0,0,0,0,0,0,0,0
2018,002,Scott Wall,50,636,307,187,33,18,21,8,10,7,8,17,1,3,8,2,2,1,1,2,0,0,0,0,0,0,0,0,0,0,0
2018,002,Sean Corbin,39,623,237,247,31,14,16,10,8,11,5,11,11,6,5,1,2,2,1,2,3,0,0,0,0,0,0,0,0,0,0
2018,002,Sean Wright,47,771,321,277,53,19,26,7,11,9,8,8,2,6,12,0,4,2,3,0,2,0,1,0,0,0,0,0,0,0,0
2018,002,Tom Washington,49,687,310,242,29,17,22,13,14,8,5,8,3,5,7,0,0,0,0,0,1,1,0,0,1,0,0,0,0,0,1
2018,002,Tony Brothers,53,787,349,257,29,13,23,7,30,26,7,17,4,7,8,3,2,1,2,0,1,1,0,0,0,0,0,0,0,0,0
2018,002,Tony Brown,44,689,272,235,48,11,23,15,11,12,10,9,7,10,16,3,3,0,2,0,0,1,0,0,0,1,0,0,0,0,0
2018,002,Tre Maddox,41,540,216,186,43,16,14,11,7,14,5,9,2,7,6,1,0,2,1,0,0,0,0,0,0,0,0,0,0,0,0
2018,002,Tyler Ford,51,768,323,263,55,18,25,11,13,20,3,14,6,11,3,0,0,0,1,0,2,0,0,0,0,0,0,0,0,0,0
2018,002,Vladimir Voyard-Tadal,7,91,47,31,4,2,2,2,1,0,0,2,0,0,0,0,0,0,0,0,0,0,0,0,0,0,0,0,0,0,0
2018,002,Zach Zarba,49,704,307,222,52,26,25,8,9,12,7,8,2,7,5,2,0,6,3,0,2,0,0,0,0,0,0,1,0,0,0
2018,002,NA,871,11563,4534,3387,589,239,2107,173,0,142,0,115,88,0,122,13,21,0,7,13,5,0,0,0,4,0,2,0,0,0,0
2018,004,Bennie Adams,3,43,20,17,2,0,1,0,0,0,0,0,0,0,3,0,0,0,0,0,0,0,0,0,0,0,0,0,0,0,0
2018,004,Bill Kennedy,7,101,42,37,6,0,5,0,2,1,2,2,1,1,0,0,1,1,0,0,0,0,0,0,0,0,0,0,0,0,0
2018,004,Bill Spooner,4,49,30,13,3,0,2,0,0,0,0,0,0,0,0,0,0,0,0,0,1,0,0,0,0,0,0,0,0,0,0
2018,004,Brent Barnaky,2,30,17,12,0,0,0,0,0,0,0,0,0,0,1,0,0,0,0,0,0,0,0,0,0,0,0,0,0,0,0
2018,004,Brian Forte,4,50,21,26,0,0,0,0,0,1,0,0,1,0,1,0,0,0,0,0,0,0,0,0,0,0,0,0,0,0,0
2018,004,Courtney Kirkland,4,42,14,18,0,0,5,0,2,0,0,0,1,0,2,0,0,0,0,0,0,0,0,0,0,0,0,0,0,0,0
2018,004,David Guthrie,8,90,41,28,4,1,3,0,1,1,3,1,0,0,5,0,1,0,0,0,1,0,0,0,0,0,0,0,0,0,0
2018,004,Derrick Collins,2,22,11,8,0,1,0,0,0,0,1,0,0,0,0,0,0,0,0,0,1,0,0,0,0,0,0,0,0,0,0
2018,004,Derrick Stafford,14,208,90,73,14,4,13,1,6,0,1,2,0,3,0,0,1,0,0,0,0,0,0,0,0,0,0,0,0,0,0
2018,004,Ed Malloy,12,159,67,61,12,5,5,0,0,3,0,0,0,0,1,2,0,2,0,1,0,0,0,0,0,0,0,0,0,0,0
2018,004,Eric Lewis,9,132,50,53,10,2,3,0,4,3,1,1,0,0,3,0,1,0,1,0,0,0,0,0,0,0,0,0,0,0,0
2018,004,Gary Zielinski,2,29,17,9,2,0,0,0,0,0,1,0,0,0,0,0,0,0,0,0,0,0,0,0,0,0,0,0,0,0,0
2018,004,James Capers,13,198,74,75,20,1,5,1,6,3,2,1,1,2,3,0,2,2,0,0,0,0,0,0,0,0,0,0,0,0,0
2018,004,James Williams,6,79,35,25,4,4,0,0,2,2,2,1,1,0,1,1,1,0,0,0,0,0,0,0,0,0,0,0,0,0,0
2018,004,Jason Phillips,10,131,59,51,4,2,1,3,4,0,0,0,2,2,1,0,0,0,0,2,0,0,0,0,0,0,0,0,0,0,0
2018,004,John Goble,11,133,51,45,7,4,4,0,5,1,1,8,0,1,4,0,1,1,0,0,0,0,0,0,0,0,0,0,0,0,0
2018,004,Josh Tiven,8,128,59,40,11,6,1,1,1,3,1,2,0,0,1,1,1,0,0,0,0,0,0,0,0,0,0,0,0,0,0
2018,004,Kane Fitzgerald,7,117,47,47,7,1,2,1,2,2,1,0,0,2,1,1,1,2,0,0,0,0,0,0,0,0,0,0,0,0,0
2018,004,Karl Lane,1,13,3,4,4,0,0,0,1,0,0,0,0,0,0,0,1,0,0,0,0,0,0,0,0,0,0,0,0,0,0
2018,004,Ken Mauer,12,175,74,58,11,6,5,0,2,5,4,2,1,2,0,1,0,4,0,0,0,0,0,0,0,0,0,0,0,0,0
2018,004,Kevin Cutler,1,13,9,3,0,1,0,0,0,0,0,0,0,0,0,0,0,0,0,0,0,0,0,0,0,0,0,0,0,0,0
2018,004,Kevin Scott,1,21,8,9,1,0,2,1,0,0,0,0,0,0,0,0,0,0,0,0,0,0,0,0,0,0,0,0,0,0,0
2018,004,Marc Davis,13,177,64,82,7,1,2,2,2,5,3,1,2,1,3,0,0,1,0,0,0,0,0,0,1,0,0,0,0,0,0
2018,004,Mark Ayotte,4,47,27,17,1,0,2,0,0,0,0,0,0,0,0,0,0,0,0,0,0,0,0,0,0,0,0,0,0,0,0
2018,004,Mark Lindsay,2,18,6,9,0,0,0,0,2,0,0,1,0,0,0,0,0,0,0,0,0,0,0,0,0,0,0,0,0,0,0
2018,004,Mike Callahan,15,210,86,92,13,6,3,2,0,0,0,1,0,0,1,2,0,4,0,0,0,0,0,0,0,0,0,0,0,0,0
2018,004,Pat Fraher,7,72,34,21,5,2,2,0,0,1,0,3,0,1,2,1,0,0,0,0,0,0,0,0,0,0,0,0,0,0,0
2018,004,Rodney Mott,2,18,11,5,1,0,1,0,0,0,0,0,0,0,0,0,0,0,0,0,0,0,0,0,0,0,0,0,0,0,0
2018,004,Ron Garretson,4,47,17,22,5,0,0,0,0,0,0,0,1,0,0,0,2,0,0,0,0,0,0,0,0,0,0,0,0,0,0
2018,004,Scott Foster,13,222,70,92,14,4,10,2,7,3,2,4,1,2,8,0,1,2,0,0,0,0,0,0,0,0,0,0,0,0,0
2018,004,Sean Corbin,5,67,27,30,1,0,0,0,2,2,1,2,0,0,1,0,0,1,0,0,0,0,0,0,0,0,0,0,0,0,0
2018,004,Sean Wright,7,81,42,24,6,0,2,0,2,0,1,0,0,1,2,1,0,0,0,0,0,0,0,0,0,0,0,0,0,0,0
2018,004,Tom Washington,8,121,53,53,4,0,0,2,4,1,1,1,0,0,2,0,0,0,0,0,0,0,0,0,0,0,0,0,0,0,0
2018,004,Tony Brothers,9,134,50,56,9,4,1,0,2,3,1,3,0,2,1,1,0,0,0,0,0,0,0,0,1,0,0,0,0,0,0
2018,004,Tony Brown,4,68,37,21,4,0,2,0,3,0,0,0,0,0,0,0,0,1,0,0,0,0,0,0,0,0,0,0,0,0,0
2018,004,Zach Zarba,13,198,86,73,7,8,3,0,6,2,5,1,1,1,2,0,0,1,1,0,1,0,0,0,0,0,0,0,0,0,0
2018,004,NA,62,158,0,0,0,0,157,0,0,0,0,0,0,0,0,0,0,0,0,1,0,0,0,0,0,0,0,0,0,0,0
2019,002,Aaron Smith,59,784,378,255,47,33,14,4,19,16,5,0,0,7,0,2,1,0,2,0,0,0,0,0,0,1,0,0,0,0,0
2019,002,Ashley Moyer-Gleich,31,336,180,97,22,10,8,4,4,7,2,0,0,1,0,1,0,0,0,0,0,0,0,0,0,0,0,0,0,0,0
2019,002,Ben Taylor,63,919,418,324,57,28,22,10,15,14,11,0,8,4,0,1,5,1,1,0,0,0,0,0,0,0,0,0,0,0,0
2019,002,Brandon Adair,44,503,266,167,19,17,11,3,9,5,1,0,1,1,0,1,0,0,1,0,0,1,0,0,0,0,0,0,0,0,0
2019,002,Brent Barnaky,61,808,393,271,36,28,27,8,16,8,3,0,3,6,0,0,4,0,2,2,0,0,0,0,0,1,0,0,0,0,0
2019,002,Brett Nansel,44,651,336,207,28,29,16,11,5,7,4,0,4,2,0,0,0,1,1,0,0,0,0,0,0,0,0,0,0,0,0
2019,002,Brian Forte,64,884,405,297,44,21,31,7,15,30,7,0,8,12,0,0,4,1,0,2,0,0,0,0,0,0,0,0,0,0,0
2019,002,CJ Washington,41,615,278,207,43,17,15,3,14,13,6,0,11,4,0,1,1,0,0,0,0,2,0,0,0,0,0,0,0,0,0
2019,002,Courtney Kirkland,61,860,379,264,73,24,39,11,21,4,14,0,11,12,0,1,2,1,1,0,0,0,0,1,0,2,0,0,0,0,0
2019,002,Curtis Blair,62,826,426,269,39,20,19,6,11,7,6,0,3,10,0,1,5,0,0,4,0,0,0,0,0,0,0,0,0,0,0
2019,002,David Guthrie,61,888,372,312,41,27,24,7,25,30,11,0,8,17,0,1,7,0,2,2,0,1,0,0,0,1,0,0,0,0,0
2019,002,Dedric Taylor,64,871,416,279,52,33,19,6,24,13,9,0,9,6,0,0,3,0,0,0,0,1,0,0,0,1,0,0,0,0,0
2019,002,Derek Richardson,50,611,275,215,28,30,17,3,8,9,6,0,8,5,0,2,1,1,2,0,0,0,0,0,0,0,1,0,0,0,0
2019,002,Derrick Collins,60,747,367,252,31,33,22,5,9,5,4,0,9,6,0,1,1,1,0,0,0,1,0,0,0,0,0,0,0,0,0
2019,002,Ed Malloy,65,853,422,296,29,23,19,3,13,17,14,0,1,3,0,3,1,4,1,2,0,0,0,0,1,1,0,0,0,0,0
2019,002,Eric Dalen,60,825,448,229,37,31,21,4,13,9,11,0,5,8,0,3,5,1,0,0,0,0,0,0,0,0,0,0,0,0,0
2019,002,Eric Lewis,63,1015,393,404,74,27,36,4,13,31,5,0,15,5,0,2,2,1,0,0,0,0,0,0,0,2,0,0,1,0,0
2019,002,Evan Scott,10,108,58,30,7,2,2,1,0,6,1,0,1,0,0,0,0,0,0,0,0,0,0,0,0,0,0,0,0,0,0
2019,002,Gediminas Petraitis,64,861,395,308,46,18,28,8,17,16,4,0,7,9,0,1,1,0,2,0,0,0,0,0,0,0,1,0,0,0,0
2019,002,Haywoode Workman,47,689,347,207,46,19,12,7,18,9,8,0,10,4,0,0,0,0,1,0,0,1,0,0,0,0,0,0,0,0,0
2019,002,J.T. Orr,61,853,417,250,60,23,28,8,15,18,9,0,8,9,0,0,6,0,0,0,0,1,0,0,0,1,0,0,0,0,0
2019,002,JB DeRosa,55,708,332,256,40,20,19,2,14,10,5,0,0,3,0,0,3,3,1,0,0,0,0,0,0,0,0,0,0,0,0
2019,002,Jacyn Goble,49,786,359,288,27,20,20,10,13,27,7,0,1,5,0,2,5,1,0,0,0,1,0,0,0,0,0,0,0,0,0
2019,002,James Capers,60,904,382,328,62,33,24,5,18,23,9,0,3,10,0,2,0,3,0,0,0,0,0,1,1,0,0,0,0,0,0
2019,002,James Williams,63,909,390,295,63,28,24,11,20,26,11,0,22,12,0,1,1,3,2,0,0,0,0,0,0,0,0,0,0,0,0
2019,002,Jason Goldenberg,49,710,306,269,50,16,20,13,9,6,8,0,8,3,0,1,0,0,1,0,0,0,0,0,0,0,0,0,0,0,0
2019,002,Jason Phillips,63,886,395,327,34,20,21,7,20,20,11,0,6,13,0,3,4,3,0,0,0,0,0,0,0,1,1,0,0,0,0
2019,002,John Butler,9,76,40,24,4,0,3,0,1,0,1,0,0,0,0,0,1,0,0,2,0,0,0,0,0,0,0,0,0,0,0
2019,002,John Goble,63,928,350,389,45,20,24,14,20,20,14,0,6,16,0,1,4,2,1,0,0,1,0,0,0,1,0,0,0,0,0
2019,002,Jonathan Sterling,46,618,239,236,34,25,16,7,11,15,10,0,8,8,0,1,5,1,0,0,0,1,0,0,0,1,0,0,0,0,0
2019,002,Josh Tiven,64,922,451,294,55,25,14,8,17,30,7,0,9,4,0,2,1,2,2,0,0,0,0,0,0,0,1,0,0,0,0
2019,002,Justin Van Duyne,49,673,288,242,46,18,16,7,18,9,1,0,12,7,0,2,1,3,0,2,0,0,0,0,0,1,0,0,0,0,0
2019,002,Kane Fitzgerald,64,988,413,332,80,20,30,8,15,33,20,0,7,14,0,3,3,3,1,2,0,2,0,0,1,0,1,0,0,0,0
2019,002,Karl Lane,64,999,406,394,59,34,34,13,11,13,9,0,9,8,0,0,7,0,2,0,0,0,0,0,0,0,0,0,0,0,0
2019,002,Ken Mauer,59,860,426,284,37,30,21,8,14,8,7,0,7,11,0,2,1,1,1,0,0,1,0,0,0,1,0,0,0,0,0
2019,002,Kevin Cutler,56,677,299,246,30,36,22,0,8,11,5,0,4,7,0,1,4,1,0,2,0,1,0,0,0,0,0,0,0,0,0
2019,002,Kevin Scott,60,869,392,294,59,28,24,5,21,13,11,0,2,6,0,4,5,1,2,0,0,1,0,0,1,0,0,0,0,0,0
2019,002,Leon Wood,53,769,342,263,64,20,22,11,16,0,6,0,10,7,0,2,5,1,0,0,0,0,0,0,0,0,0,0,0,0,0
2019,002,Leroy Richardson,52,701,341,235,36,21,12,1,22,8,6,0,6,9,0,1,2,0,1,0,0,0,0,0,0,0,0,0,0,0,0
2019,002,Marat Kogut,64,893,382,343,39,27,32,8,14,24,8,0,3,4,0,0,3,2,2,0,0,0,1,0,1,0,0,0,0,0,0
2019,002,Marc Davis,63,891,434,302,32,24,11,3,20,15,16,0,9,11,0,2,9,0,1,0,0,1,0,1,0,0,0,0,0,0,0
2019,002,Mark Ayotte,64,933,388,372,55,23,25,3,21,12,7,0,12,7,0,2,1,1,3,0,0,0,0,0,0,0,0,0,1,0,0
2019,002,Mark Lindsay,63,848,363,323,26,35,20,5,17,5,6,0,34,6,0,4,2,2,0,0,0,0,0,0,0,0,0,0,0,0,0
2019,002,Matt Boland,59,892,400,278,79,21,35,3,21,15,14,0,9,7,0,3,2,1,2,0,0,2,0,0,0,0,0,0,0,0,0
2019,002,Matt Myers,33,446,198,181,25,7,12,3,5,3,6,0,0,3,0,2,1,0,0,0,0,0,0,0,0,0,0,0,0,0,0
2019,002,Michael Smith,56,911,419,331,46,22,24,17,10,4,10,0,15,3,0,0,3,2,1,0,0,1,0,1,0,2,0,0,0,0,0
2019,002,Mike Callahan,59,801,410,246,44,25,14,5,17,10,11,0,4,4,0,3,0,3,1,0,0,0,1,2,0,0,1,0,0,0,0
2019,002,Mitchell Ervin,58,872,376,324,54,30,20,5,16,8,9,0,6,8,0,4,8,0,2,0,0,0,0,0,1,1,0,0,0,0,0
2019,002,Mousa Dagher,33,440,216,152,19,21,11,4,5,2,5,0,0,2,0,1,1,0,1,0,0,0,0,0,0,0,0,0,0,0,0
2019,002,Natalie Sago,31,370,194,94,21,19,10,4,9,13,2,0,0,3,0,0,0,0,1,0,0,0,0,0,0,0,0,0,0,0,0
2019,002,Nate Green,9,93,41,33,7,4,1,3,1,2,0,0,0,1,0,0,0,0,0,0,0,0,0,0,0,0,0,0,0,0,0
2019,002,Nick Buchert,64,910,405,328,73,19,15,8,12,19,4,0,10,9,0,1,0,0,2,4,0,0,0,0,0,0,1,0,0,0,0
2019,002,Pat Fraher,65,888,442,289,47,26,23,12,14,9,2,0,10,8,0,1,4,0,0,0,0,0,0,0,0,1,0,0,0,0,0
2019,002,Phenizee Ransom,32,376,154,153,26,17,7,2,7,2,3,0,1,1,0,1,1,1,0,0,0,0,0,0,0,0,0,0,0,0,0
2019,002,Ray Acosta,58,835,440,261,40,19,22,7,15,20,3,0,1,0,0,2,2,0,2,0,0,0,0,0,0,0,1,0,0,0,0
2019,002,Rodney Mott,64,947,355,365,76,28,29,13,22,17,11,0,16,4,0,3,2,0,3,0,0,0,0,0,1,2,0,0,0,0,0
2019,002,Ron Garretson,60,729,336,237,46,35,19,0,11,13,11,0,15,2,0,1,1,2,0,0,0,0,0,0,0,0,0,0,0,0,0
2019,002,Scott Foster,64,981,435,324,56,29,29,23,20,23,16,0,3,8,0,4,2,3,3,0,0,1,0,0,0,1,0,0,0,0,1
2019,002,Scott Twardoski,64,849,419,286,49,28,12,6,17,13,6,0,8,4,0,0,1,0,0,0,0,0,0,0,0,0,0,0,0,0,0
2019,002,Scott Wall,56,814,400,259,47,19,28,12,24,6,11,0,2,4,0,0,1,0,1,0,0,0,0,0,0,0,0,0,0,0,0
2019,002,Sean Corbin,21,325,141,124,14,10,8,10,3,5,4,0,3,1,0,0,1,0,0,0,0,0,0,0,0,1,0,0,0,0,0
2019,002,Sean Wright,64,1101,527,385,53,23,29,10,20,17,7,0,3,10,0,4,4,5,1,0,0,2,0,0,1,0,0,0,0,0,0
2019,002,Tom Washington,60,807,389,278,32,29,21,11,10,6,14,0,7,6,0,1,2,0,1,0,0,0,0,0,0,0,0,0,0,0,0
2019,002,Tony Brothers,63,1095,462,405,54,28,32,6,29,24,17,0,11,13,0,4,1,4,2,0,0,0,0,0,1,1,1,0,0,0,0
2019,002,Tony Brown,62,974,447,341,63,25,17,10,23,11,8,0,12,9,0,2,5,1,0,0,0,0,0,0,0,0,0,0,0,0,0
2019,002,Tre Maddox,60,796,382,245,60,35,20,8,13,12,10,0,0,3,0,4,4,0,0,0,0,0,0,0,0,0,0,0,0,0,0
2019,002,Tyler Ford,64,1008,465,350,66,20,22,8,9,32,7,0,11,10,0,0,3,3,0,0,0,0,0,1,0,0,1,0,0,0,0
2019,002,Zach Zarba,63,903,381,322,65,34,22,11,20,20,11,0,6,5,0,1,3,1,0,0,0,1,0,0,0,0,0,0,0,0,0
2019,002,NA,977,2652,0,0,0,0,2572,80,0,0,0,0,0,0,0,0,0,0,0,0,0,0,0,0,0,0,0,0,0,0,0
2019,004,Ben Taylor,3,41,23,13,3,0,1,0,0,0,1,0,0,0,0,0,0,0,0,0,0,0,0,0,0,0,0,0,0,0,0
2019,004,Brent Barnaky,1,10,5,3,0,1,0,0,0,0,0,0,1,0,0,0,0,0,0,0,0,0,0,0,0,0,0,0,0,0,0
2019,004,Brian Forte,3,37,23,11,1,1,0,0,0,0,0,0,0,0,0,0,1,0,0,0,0,0,0,0,0,0,0,0,0,0,0
2019,004,Courtney Kirkland,5,70,33,18,7,7,2,0,0,1,0,0,0,1,0,0,0,1,0,0,0,0,0,0,0,0,0,0,0,0,0
2019,004,Curtis Blair,1,10,7,3,0,0,0,0,0,0,0,0,0,0,0,0,0,0,0,0,0,0,0,0,0,0,0,0,0,0,0
2019,004,David Guthrie,12,175,77,63,11,9,5,0,3,4,1,0,2,0,0,0,0,0,0,0,0,0,0,0,0,0,0,0,0,0,0
2019,004,Derrick Collins,3,42,23,15,0,1,1,0,1,1,0,0,0,0,0,0,0,0,0,0,0,0,0,0,0,0,0,0,0,0,0
2019,004,Ed Malloy,10,155,66,56,10,7,4,1,2,3,1,0,0,0,0,1,0,4,0,0,0,0,0,0,0,0,0,0,0,0,0
2019,004,Eric Lewis,11,182,60,66,22,8,7,1,10,2,3,0,0,2,0,0,1,0,0,0,0,0,0,0,0,0,0,0,0,0,0
2019,004,Gediminas Petraitis,1,18,9,4,2,0,0,0,0,1,0,0,0,0,0,2,0,0,0,0,0,0,0,0,0,0,0,0,0,0,0
2019,004,James Capers,14,206,83,81,18,5,5,2,3,2,1,0,0,2,0,0,0,3,1,0,0,0,0,0,0,0,0,0,0,0,0
2019,004,Jason Phillips,11,150,73,58,3,2,1,3,3,1,3,0,2,0,0,0,0,1,0,0,0,0,0,0,0,0,0,0,0,0,0
2019,004,John Goble,12,191,82,73,10,6,10,2,1,0,5,0,0,0,0,0,2,0,0,0,0,0,0,0,0,0,0,0,0,0,0
2019,004,Josh Tiven,8,114,60,32,12,5,1,0,1,3,0,0,0,0,0,0,0,0,0,0,0,0,0,0,0,0,0,0,0,0,0
2019,004,Kane Fitzgerald,9,135,59,46,5,3,7,1,2,4,2,0,2,2,0,0,1,1,0,0,0,0,0,0,0,0,0,0,0,0,0
2019,004,Karl Lane,2,27,12,10,4,1,0,0,0,0,0,0,0,0,0,0,0,0,0,0,0,0,0,0,0,0,0,0,0,0,0
2019,004,Ken Mauer,10,172,83,61,4,3,10,0,4,2,0,0,1,1,0,1,1,1,0,0,0,0,0,0,0,0,0,0,0,0,0
2019,004,Kevin Cutler,2,22,10,9,1,0,0,1,0,0,1,0,0,0,0,0,0,0,0,0,0,0,0,0,0,0,0,0,0,0,0
2019,004,Kevin Scott,7,86,35,36,4,5,2,0,2,0,0,0,1,0,0,0,0,1,0,0,0,0,0,0,0,0,0,0,0,0,0
2019,004,Marc Davis,14,190,89,62,13,9,6,0,3,5,1,0,0,0,0,1,0,0,0,0,0,0,0,0,0,0,0,0,1,0,0
2019,004,Mark Lindsay,3,40,14,14,3,3,0,0,0,3,0,0,2,0,0,0,0,1,0,0,0,0,0,0,0,0,0,0,0,0,0
2019,004,Michael Smith,3,48,22,15,2,3,2,1,2,0,0,0,1,0,0,0,0,0,0,0,0,0,0,0,0,0,0,0,0,0,0
2019,004,Mike Callahan,15,207,104,58,11,17,9,0,2,1,0,0,1,1,0,1,0,0,2,0,0,0,0,0,0,0,0,0,0,0,0
2019,004,Nick Buchert,3,61,24,26,6,0,2,1,0,1,0,0,0,1,0,0,0,0,0,0,0,0,0,0,0,0,0,0,0,0,0
2019,004,Pat Fraher,9,101,48,30,6,7,3,0,2,1,0,0,0,2,0,0,1,0,0,0,0,0,0,0,1,0,0,0,0,0,0
2019,004,Rodney Mott,7,95,41,37,6,2,3,1,2,2,1,0,0,0,0,0,0,0,0,0,0,0,0,0,0,0,0,0,0,0,0
2019,004,Scott Foster,11,199,80,56,17,8,8,5,4,7,5,0,1,1,0,2,0,1,0,2,0,1,0,1,0,0,0,0,0,0,0
2019,004,Scott Twardoski,1,20,6,11,0,1,0,0,0,2,0,0,0,0,0,0,0,0,0,0,0,0,0,0,0,0,0,0,0,0,0
2019,004,Scott Wall,2,44,23,14,3,2,2,0,0,0,0,0,0,0,0,0,0,0,0,0,0,0,0,0,0,0,0,0,0,0,0
2019,004,Sean Wright,9,134,60,52,12,6,0,0,1,1,1,0,0,1,0,0,0,0,0,0,0,0,0,0,0,0,0,0,0,0,0
2019,004,Tom Washington,7,93,42,36,3,4,2,1,3,0,0,0,1,1,0,0,0,0,0,0,0,0,0,0,0,0,0,0,0,0,0
2019,004,Tony Brothers,13,200,75,88,10,6,6,5,6,0,0,0,0,2,0,1,1,0,0,0,0,0,0,0,0,0,0,0,0,0,0
2019,004,Tony Brown,6,98,51,32,7,1,4,0,0,1,0,0,0,0,0,0,2,0,0,0,0,0,0,0,0,0,0,0,0,0,0
2019,004,Tre Maddox,2,20,13,3,0,0,1,0,2,0,0,0,0,1,0,0,0,0,0,0,0,0,0,0,0,0,0,0,0,0,0
2019,004,Tyler Ford,4,64,29,21,6,4,1,1,0,1,0,0,0,1,0,0,0,0,0,0,0,0,0,0,0,0,0,0,0,0,0
2019,004,Zach Zarba,12,186,79,68,15,5,2,0,3,7,2,0,0,1,0,2,1,1,0,0,0,0,0,0,0,0,0,0,0,0,0
2019,004,NA,68,194,0,0,0,0,194,0,0,0,0,0,0,0,0,0,0,0,0,0,0,0,0,0,0,0,0,0,0,0,0
2020,002,Aaron Smith,47,567,267,179,32,24,18,5,11,12,7,0,3,5,0,1,2,1,0,0,0,0,0,0,0,0,0,0,0,0,0
2020,002,Andy Nagy,13,137,64,45,7,6,3,2,2,2,3,0,0,1,0,1,1,0,0,0,0,0,0,0,0,0,0,0,0,0,0
2020,002,Ashley Moyer-Gleich,30,352,183,110,15,13,11,3,6,4,1,0,1,3,0,2,0,0,0,0,0,0,0,0,0,0,0,0,0,0,0
2020,002,Ben Taylor,56,849,339,320,79,29,16,6,16,19,4,0,7,5,0,3,4,0,2,0,0,0,0,0,0,0,0,0,0,0,0
2020,002,Bennie Adams,2,26,7,9,5,1,2,0,0,0,1,0,1,0,0,0,0,0,0,0,0,0,0,0,0,0,0,0,0,0,0
2020,002,Bill Kennedy,32,415,199,132,26,13,9,2,6,8,5,0,9,1,0,1,3,0,0,0,0,0,0,1,0,0,0,0,0,0,0
2020,002,Bill Spooner,3,28,14,6,2,1,2,0,0,2,0,0,1,0,0,0,0,0,0,0,0,0,0,0,0,0,0,0,0,0,0
2020,002,Brandon Adair,36,364,174,130,16,19,9,1,4,2,4,0,0,2,0,1,0,0,2,0,0,0,0,0,0,0,0,0,0,0,0
2020,002,Brent Barnaky,54,663,354,199,29,25,25,2,9,3,6,0,2,6,0,2,1,0,0,0,0,0,0,0,0,0,0,0,0,0,0
2020,002,Brett Nansel,30,443,232,139,18,16,12,6,3,2,5,0,1,4,0,3,1,1,0,0,0,0,0,0,0,0,0,0,0,0,0
2020,002,Brian Forte,56,733,363,229,32,17,25,12,10,21,2,0,4,10,0,3,1,2,0,0,0,1,0,0,1,0,0,0,0,0,0
2020,002,CJ Washington,36,560,284,159,39,24,12,7,7,12,3,0,4,7,0,0,0,0,1,0,0,1,0,0,0,0,0,0,0,0,0
2020,002,Courtney Kirkland,52,776,358,247,65,24,24,11,18,7,6,0,6,4,0,0,2,1,0,1,0,1,0,1,0,0,0,0,0,0,0
2020,002,Curtis Blair,52,683,332,231,38,19,27,6,7,9,4,0,1,8,0,1,0,0,0,0,0,0,0,0,0,0,0,0,0,0,0
2020,002,David Guthrie,52,813,347,285,30,30,21,5,16,28,15,0,10,16,0,6,2,1,0,0,0,0,1,0,0,0,0,0,0,0,0
2020,002,Dedric Taylor,55,772,380,242,42,38,21,3,12,16,5,0,1,8,0,0,1,0,2,0,0,0,0,1,0,0,0,0,0,0,0
2020,002,Derek Richardson,39,508,218,198,28,14,16,3,2,4,4,0,11,7,0,2,1,0,0,0,0,0,0,0,0,0,0,0,0,0,0
2020,002,Derrick Collins,56,712,335,236,41,30,15,4,18,10,5,0,9,4,0,1,1,0,1,2,0,0,0,0,0,0,0,0,0,0,0
2020,002,Ed Malloy,53,702,346,226,23,28,24,1,18,13,10,0,2,4,0,1,3,2,0,0,0,0,0,0,0,0,1,0,0,0,0
2020,002,Eric Dalen,44,564,331,147,16,15,14,2,10,4,8,0,3,7,0,3,1,1,1,0,0,1,0,0,0,0,0,0,0,0,0
2020,002,Eric Lewis,54,807,341,309,46,24,19,4,14,22,12,0,2,4,0,2,2,3,0,2,0,0,0,0,0,1,0,0,0,0,0
2020,002,Evan Scott,29,349,176,92,25,10,11,4,9,14,1,0,1,3,0,1,1,0,0,0,0,0,0,0,1,0,0,0,0,0,0
2020,002,Gediminas Petraitis,56,725,325,234,44,31,19,5,17,22,11,0,3,8,0,1,1,0,0,0,0,2,0,2,0,0,0,0,0,0,0
2020,002,Haywoode Workman,14,182,86,58,11,7,5,1,2,3,1,0,3,4,0,0,1,0,0,0,0,0,0,0,0,0,0,0,0,0,0
2020,002,J.T. Orr,53,726,310,228,57,25,30,8,19,13,10,0,12,5,0,3,2,2,1,0,0,0,0,1,0,0,0,0,0,0,0
2020,002,JB DeRosa,49,569,250,199,26,31,17,2,19,9,4,0,1,9,0,0,1,0,0,0,0,1,0,0,0,0,0,0,0,0,0
2020,002,Jacyn Goble,48,666,317,219,35,23,26,4,10,17,4,0,0,4,0,3,1,1,1,0,0,1,0,0,0,0,0,0,0,0,0
2020,002,James Capers,51,719,333,245,49,23,22,4,13,10,4,0,4,9,0,2,0,0,1,0,0,0,0,0,0,0,0,0,0,0,0
2020,002,James Williams,57,822,370,251,58,25,23,6,17,27,13,0,12,10,0,3,3,2,0,0,0,1,0,1,0,0,0,0,0,0,0
2020,002,Jason Goldenberg,35,448,220,132,25,20,18,1,3,10,6,0,7,2,0,1,1,2,0,0,0,0,0,0,0,0,0,0,0,0,0
2020,002,Jenna Schroeder,27,353,203,80,12,12,12,2,12,10,1,0,0,3,0,2,2,0,0,2,0,0,0,0,0,0,0,0,0,0,0
2020,002,John Butler,30,331,161,99,17,21,10,0,10,4,2,0,2,0,0,1,4,0,0,0,0,0,0,0,0,0,0,0,0,0,0
2020,002,John Conley,8,88,39,30,7,1,1,0,3,2,3,0,0,2,0,0,0,0,0,0,0,0,0,0,0,0,0,0,0,0,0
2020,002,John Goble,54,795,341,310,48,23,15,5,12,10,7,0,6,10,0,1,3,1,2,0,0,1,0,0,0,0,0,0,0,0,0
2020,002,Jonathan Sterling,40,486,220,161,26,12,17,10,10,7,5,0,7,6,0,1,2,1,0,0,0,0,0,1,0,0,0,0,0,0,0
2020,002,Josh Tiven,56,799,403,223,38,23,22,6,19,30,13,0,5,7,0,1,2,1,2,2,0,1,0,0,1,0,0,0,0,0,0
2020,002,Justin Van Duyne,42,583,265,181,46,27,19,6,13,8,4,0,7,2,0,1,0,0,1,2,0,0,0,0,1,0,0,0,0,0,0
2020,002,Kane Fitzgerald,55,886,387,288,73,20,24,4,14,21,13,0,9,17,0,3,6,3,2,0,0,2,0,0,0,0,0,0,0,0,0
2020,002,Karl Lane,56,720,307,266,34,34,23,6,10,8,7,0,12,8,0,1,3,1,0,0,0,0,0,0,0,0,0,0,0,0,0
2020,002,Ken Mauer,46,677,324,202,39,29,20,3,10,16,9,0,2,6,0,5,4,4,2,0,0,0,0,2,0,0,0,0,0,0,0
2020,002,Kevin Cutler,56,665,325,210,37,29,18,2,15,7,8,0,3,5,0,2,1,0,1,2,0,0,0,0,0,0,0,0,0,0,0
2020,002,Kevin Scott,54,806,344,298,49,35,22,3,10,14,9,0,2,6,0,4,3,2,3,1,0,1,0,0,0,0,0,0,0,0,0
2020,002,Lauren Holtkamp,20,263,147,83,6,5,8,2,5,3,2,0,2,0,0,0,0,0,0,0,0,0,0,0,0,0,0,0,0,0,0
2020,002,Leon Wood,45,641,308,200,42,25,17,7,9,6,9,0,9,3,0,3,1,0,0,2,0,0,0,0,0,0,0,0,0,0,0
2020,002,Leroy Richardson,34,474,224,168,24,14,14,3,5,2,8,0,5,1,0,2,1,0,0,0,0,2,0,1,0,0,0,0,0,0,0
2020,002,Marat Kogut,52,770,354,264,38,36,22,7,14,10,8,0,6,3,0,1,5,1,1,0,0,0,0,0,0,0,0,0,0,0,0
2020,002,Marc Davis,51,752,360,227,30,23,24,5,22,21,11,0,4,9,0,3,4,0,3,0,0,4,0,0,0,1,1,0,0,0,0
2020,002,Mark Ayotte,52,774,392,244,33,26,24,1,17,9,7,0,4,7,0,5,1,1,1,0,0,1,0,0,1,0,0,0,0,0,0
2020,002,Mark Lindsay,52,855,384,302,40,20,26,3,21,15,9,0,21,10,0,0,1,3,0,0,0,0,0,0,0,0,0,0,0,0,0
2020,002,Matt Boland,43,560,264,175,47,18,16,2,12,7,4,0,5,3,0,1,3,1,1,0,0,0,0,0,0,1,0,0,0,0,0
2020,002,Matt Myers,29,361,166,128,21,15,11,2,7,1,3,0,1,4,0,1,0,0,1,0,0,0,0,0,0,0,0,0,0,0,0
2020,002,Michael Smith,49,864,380,305,40,25,28,5,11,12,8,0,23,13,0,4,3,2,0,2,0,1,0,1,0,1,0,0,0,0,0
2020,002,Mitchell Ervin,54,814,400,257,66,20,13,4,22,10,8,0,2,5,0,5,0,1,0,0,0,0,0,0,1,0,0,0,0,0,0
2020,002,Mousa Dagher,32,467,187,172,29,25,21,0,6,10,8,0,4,2,0,3,0,0,0,0,0,0,0,0,0,0,0,0,0,0,0
2020,002,Natalie Sago,32,388,216,104,17,15,13,2,3,11,3,0,0,2,0,1,1,0,0,0,0,0,0,0,0,0,0,0,0,0,0
2020,002,Nate Green,27,342,174,101,15,14,8,6,5,10,2,0,1,2,0,1,0,3,0,0,0,0,0,0,0,0,0,0,0,0,0
2020,002,Nick Buchert,54,839,349,301,54,25,23,14,19,14,7,0,11,9,0,4,6,1,0,0,0,2,0,0,0,0,0,0,0,0,0
2020,002,Pat Fraher,53,750,403,203,27,18,16,10,14,25,5,0,5,12,0,4,4,3,0,0,0,1,0,0,0,0,0,0,0,0,0
2020,002,Phenizee Ransom,29,329,163,115,9,13,11,5,6,2,1,0,0,2,0,0,0,0,0,0,0,1,0,0,0,0,1,0,0,0,0
2020,002,Ray Acosta,49,718,364,230,45,16,18,5,12,14,4,0,2,3,0,3,2,0,0,0,0,0,0,0,0,0,0,0,0,0,0
2020,002,Rodney Mott,48,681,278,223,66,25,27,11,13,4,9,0,7,7,0,2,4,3,1,0,0,1,0,0,0,0,0,0,0,0,0
2020,002,Scott Foster,53,845,388,249,57,38,30,9,17,13,17,0,7,11,0,1,1,0,1,0,0,2,1,1,0,0,1,0,1,0,0
2020,002,Scott Twardoski,53,726,333,250,44,32,18,2,16,13,8,0,1,5,0,0,2,0,0,0,0,1,0,1,0,0,0,0,0,0,0
2020,002,Scott Wall,42,637,314,206,37,16,16,5,17,12,8,0,0,1,0,4,0,1,0,0,0,0,0,0,0,0,0,0,0,0,0
2020,002,Sean Corbin,53,814,398,275,20,32,16,15,7,6,18,0,5,11,0,4,6,0,0,0,0,0,0,1,0,0,0,0,0,0,0
2020,002,Sean Wright,51,811,369,272,47,29,26,9,14,9,14,0,7,4,0,3,4,2,1,0,0,1,0,0,0,0,0,0,0,0,0
2020,002,Simone Jelks,16,177,83,71,8,3,1,1,6,0,2,0,1,1,0,0,0,0,0,0,0,0,0,0,0,0,0,0,0,0,0
2020,002,Suyash Mehta,13,119,49,45,5,6,5,0,1,1,3,0,0,0,0,3,0,1,0,0,0,0,0,0,0,0,0,0,0,0,0
2020,002,Tom Washington,47,592,284,217,18,17,12,6,10,7,3,0,4,5,0,4,1,1,2,0,0,1,0,0,0,0,0,0,0,0,0
2020,002,Tony Brothers,53,734,354,207,46,25,28,6,11,15,7,0,15,13,0,5,1,0,0,0,0,0,0,0,0,1,0,0,0,0,0
2020,002,Tony Brown,53,846,342,329,48,25,22,3,18,15,10,0,9,13,0,2,3,4,0,1,0,1,0,0,0,0,1,0,0,0,0
2020,002,Tre Maddox,54,765,346,258,45,20,27,7,21,18,3,0,4,10,0,2,2,1,0,1,0,0,0,0,0,0,0,0,0,0,0
2020,002,Tyler Ford,54,845,385,304,48,25,23,3,11,19,8,0,9,5,0,2,2,0,0,0,0,0,0,1,0,0,0,0,0,0,0
2020,002,Zach Zarba,52,772,359,237,56,38,24,7,13,14,6,0,4,3,0,1,3,4,3,0,0,0,0,0,0,0,0,0,0,0,0
2020,002,NA,904,2649,0,0,0,0,1,2644,0,0,0,0,0,0,0,0,0,0,0,4,0,0,0,0,0,0,0,0,0,0,0
2020,004,Ben Taylor,4,70,31,23,4,4,1,0,1,3,1,0,0,0,0,0,0,0,0,2,0,0,0,0,0,0,0,0,0,0,0
2020,004,Bill Kennedy,9,124,60,39,11,0,5,3,2,2,0,0,1,0,0,1,0,0,0,0,0,0,0,0,0,0,0,0,0,0,0
2020,004,Brian Forte,2,25,14,6,1,0,1,1,0,1,0,0,0,0,0,0,1,0,0,0,0,0,0,0,0,0,0,0,0,0,0
2020,004,Courtney Kirkland,7,108,42,36,16,5,0,2,4,1,1,0,0,0,0,0,1,0,0,0,0,0,0,0,0,0,0,0,0,0,0
2020,004,Curtis Blair,5,64,35,22,3,2,1,0,0,1,0,0,0,0,0,0,0,0,0,0,0,0,0,0,0,0,0,0,0,0,0
2020,004,David Guthrie,12,183,81,60,8,10,10,1,4,3,1,0,1,2,0,1,1,0,0,0,0,0,0,0,0,0,0,0,0,0,0
2020,004,Dedric Taylor,2,26,10,13,2,0,0,0,0,1,0,0,0,0,0,0,0,0,0,0,0,0,0,0,0,0,0,0,0,0,0
2020,004,Derrick Collins,3,41,23,12,2,1,1,0,0,0,1,0,0,0,0,1,0,0,0,0,0,0,0,0,0,0,0,0,0,0,0
2020,004,Ed Malloy,5,77,38,27,4,2,3,0,2,0,1,0,0,0,0,0,0,0,0,0,0,0,0,0,0,0,0,0,0,0,0
2020,004,Eric Lewis,13,196,72,72,8,14,9,0,5,6,2,0,1,1,0,2,3,1,0,0,0,0,0,0,0,0,0,0,0,0,0
2020,004,Gediminas Petraitis,2,22,9,9,0,1,1,0,1,0,0,0,0,1,0,0,0,0,0,0,0,0,0,0,0,0,0,0,0,0,0
2020,004,James Capers,15,209,79,74,21,6,12,0,8,4,1,0,0,2,0,0,0,1,0,0,0,0,0,0,1,0,0,0,0,0,0
2020,004,James Williams,6,93,47,26,4,2,2,2,3,3,1,0,0,0,0,1,0,1,1,0,0,0,0,0,0,0,0,0,0,0,0
2020,004,John Goble,12,191,71,79,12,5,5,3,5,6,0,0,1,0,0,0,1,1,0,2,0,0,0,0,0,0,0,0,0,0,0
2020,004,Josh Tiven,12,155,88,34,13,1,7,1,4,2,1,0,1,2,0,0,1,0,0,0,0,0,0,0,0,0,0,0,0,0,0
2020,004,Kane Fitzgerald,14,214,87,74,14,10,8,2,4,6,4,0,2,0,0,1,0,2,0,0,0,0,0,0,0,0,0,0,0,0,0
2020,004,Kevin Cutler,2,33,17,10,2,1,0,0,1,1,0,0,0,1,0,0,0,0,0,0,0,0,0,0,0,0,0,0,0,0,0
2020,004,Kevin Scott,10,130,59,42,7,4,6,1,2,2,3,0,0,0,0,2,1,0,0,0,0,0,0,1,0,0,0,0,0,0,0
2020,004,Leon Wood,2,32,13,12,3,0,1,2,0,0,0,0,1,0,0,0,0,0,0,0,0,0,0,0,0,0,0,0,0,0,0
2020,004,Marc Davis,15,210,104,63,11,4,10,0,3,3,4,0,0,3,0,1,0,2,0,2,0,0,0,0,0,0,0,0,0,0,0
2020,004,Mark Ayotte,2,30,13,13,1,1,1,0,1,0,0,0,0,0,0,0,0,0,0,0,0,0,0,0,0,0,0,0,0,0,0
2020,004,Michael Smith,2,22,11,7,2,1,0,0,0,0,0,0,1,0,0,0,0,0,0,0,0,0,0,0,0,0,0,0,0,0,0
2020,004,Pat Fraher,10,118,72,26,4,3,4,0,4,2,0,0,0,2,0,1,0,0,0,0,0,0,0,0,0,0,0,0,0,0,0
2020,004,Rodney Mott,7,112,47,40,11,2,4,0,1,1,1,0,0,2,0,3,0,0,0,0,0,0,0,0,0,0,0,0,0,0,0
2020,004,Scott Foster,14,221,111,60,15,11,7,5,2,1,3,0,0,3,0,0,1,0,0,0,0,1,0,0,1,0,0,0,0,0,0
2020,004,Sean Corbin,6,79,37,28,2,6,0,2,0,1,1,0,0,0,0,1,0,0,1,0,0,0,0,0,0,0,0,0,0,0,0
2020,004,Sean Wright,8,137,65,47,8,2,4,1,3,2,1,0,1,0,0,1,1,0,1,0,0,0,0,0,0,0,0,0,0,0,0
2020,004,Tony Brothers,13,171,72,54,10,7,11,1,4,1,2,0,1,5,0,2,1,0,0,0,0,0,0,0,0,0,0,0,0,0,0
2020,004,Tony Brown,10,159,75,51,10,4,4,1,8,0,1,0,1,3,0,0,0,1,0,0,0,0,0,0,0,0,0,0,0,0,0
2020,004,Tre Maddox,8,109,57,26,8,2,4,3,2,3,0,0,0,2,0,0,0,0,0,2,0,0,0,0,0,0,0,0,0,0,0
2020,004,Tyler Ford,5,74,38,23,6,4,2,1,0,0,0,0,0,0,0,0,0,0,0,0,0,0,0,0,0,0,0,0,0,0,0
2020,004,Zach Zarba,12,174,81,57,15,5,9,0,5,1,1,0,0,0,0,0,0,0,0,0,0,0,0,0,0,0,0,0,0,0,0
2020,004,NA,79,221,0,0,0,0,0,221,0,0,0,0,0,0,0,0,0,0,0,0,0,0,0,0,0,0,0,0,0,0,0
2021,002,Aaron Smith,54,604,331,155,43,21,11,2,8,15,5,0,4,2,0,3,1,1,1,0,0,1,0,0,0,0,0,0,0,0,0
2021,002,Andy Nagy,40,528,309,129,23,21,14,0,13,8,6,0,0,1,0,3,1,0,0,0,0,0,0,0,0,0,0,0,0,0,0
2021,002,Ashley Moyer-Gleich,45,487,280,134,25,18,7,3,10,1,5,0,0,1,0,2,1,0,0,0,0,0,0,0,0,0,0,0,0,0,0
2021,002,Ben Taylor,49,695,310,186,81,28,16,11,14,21,6,0,8,4,0,3,3,1,1,0,0,0,0,0,1,0,0,0,0,0,0
2021,002,Bennie Adams,23,275,114,108,13,14,3,2,6,5,2,0,3,2,0,0,0,0,0,2,0,0,0,0,1,0,0,0,0,0,0
2021,002,Bill Kennedy,43,474,217,157,25,32,8,1,9,4,6,0,5,3,0,1,1,1,3,1,0,0,0,0,0,0,0,0,0,0,0
2021,002,Bill Spooner,3,35,24,7,0,0,4,0,0,0,0,0,0,0,0,0,0,0,0,0,0,0,0,0,0,0,0,0,0,0,0
2021,002,Brandon Adair,43,447,246,128,12,39,10,2,3,2,2,0,3,0,0,0,0,0,0,0,0,0,0,0,0,0,0,0,0,0,0
2021,002,Brandon Schwab,20,224,128,53,15,10,5,0,1,4,5,0,1,1,0,0,0,0,0,0,0,0,0,1,0,0,0,0,0,0,0
2021,002,Brent Barnaky,45,525,284,151,16,25,22,2,8,3,4,0,5,2,0,2,1,0,0,0,0,0,0,0,0,0,0,0,0,0,0
2021,002,Brett Nansel,39,568,289,168,25,24,14,4,12,12,7,0,2,3,0,1,3,3,0,1,0,0,0,0,0,0,0,0,0,0,0
2021,002,Brian Forte,52,657,325,222,22,33,11,6,6,10,9,0,5,1,0,4,0,2,0,1,0,0,0,0,0,0,0,0,0,0,0
2021,002,CJ Washington,37,529,282,141,31,19,11,7,8,14,0,0,7,5,0,2,1,0,1,0,0,0,0,0,0,0,0,0,0,0,0
2021,002,Courtney Kirkland,45,575,284,142,44,25,19,5,19,8,15,0,3,4,0,1,1,1,0,2,0,1,0,1,0,0,0,0,0,0,0
2021,002,Curtis Blair,53,714,325,257,32,27,27,6,11,8,5,0,7,4,0,4,1,0,0,0,0,0,0,0,0,0,0,0,0,0,0
2021,002,Danielle Scott,26,285,141,93,15,15,11,2,4,1,0,0,0,1,0,1,0,0,1,0,0,0,0,0,0,0,0,0,0,0,0
2021,002,Dannica Mosher,21,229,110,61,8,24,10,1,6,4,3,0,0,2,0,0,0,0,0,0,0,0,0,0,0,0,0,0,0,0,0
2021,002,David Guthrie,36,491,218,174,14,27,6,1,5,22,5,0,4,4,0,4,2,1,0,2,0,1,0,0,1,0,0,0,0,0,0
2021,002,Dedric Taylor,54,724,385,209,31,35,17,4,17,9,4,0,3,5,0,2,1,0,1,0,0,1,0,0,0,0,0,0,0,0,0
2021,002,Derek Richardson,42,516,253,149,20,29,22,4,4,7,8,0,7,10,0,0,1,1,0,0,0,0,0,1,0,0,0,0,0,0,0
2021,002,Derrick Collins,50,612,300,197,34,18,22,5,9,0,14,0,5,3,0,1,1,1,2,0,0,0,0,0,0,0,0,0,0,0,0
2021,002,Ed Malloy,44,588,271,212,16,25,14,5,15,10,8,0,0,3,0,3,1,2,1,1,0,0,0,0,1,0,0,0,0,0,0
2021,002,Eric Dalen,51,586,338,147,26,20,16,2,14,2,6,0,2,5,0,4,0,1,2,0,0,0,1,0,0,0,0,0,0,0,0
2021,002,Eric Lewis,50,707,331,241,30,29,14,5,16,14,10,0,6,7,0,2,2,0,0,0,0,0,0,0,0,0,0,0,0,0,0
2021,002,Evan Scott,36,408,248,83,15,22,17,1,7,6,3,0,0,1,0,2,1,1,1,0,0,0,0,0,0,0,0,0,0,0,0
2021,002,Gediminas Petraitis,52,740,361,243,33,37,14,7,7,14,5,0,1,10,0,1,0,4,2,0,0,1,0,0,0,0,0,0,0,0,0
2021,002,Haywoode Workman,39,527,275,165,14,16,15,1,10,5,8,0,5,6,0,0,0,1,1,2,0,0,0,2,1,0,0,0,0,0,0
2021,002,J.T. Orr,2,23,10,9,0,0,2,0,1,0,1,0,0,0,0,0,0,0,0,0,0,0,0,0,0,0,0,0,0,0,0
2021,002,JB DeRosa,51,693,334,222,33,39,23,2,13,11,7,0,1,3,0,1,2,0,0,0,0,1,0,1,0,0,0,0,0,0,0
2021,002,Jacyn Goble,45,650,347,192,20,36,16,1,14,13,2,0,1,3,0,1,1,1,1,0,0,0,0,0,1,0,0,0,0,0,0
2021,002,James Capers,52,681,303,211,47,36,25,3,8,16,6,0,7,10,0,2,2,2,3,0,0,0,0,0,0,0,0,0,0,0,0
2021,002,James Williams,45,642,297,208,35,28,14,2,14,17,8,0,9,5,0,1,0,2,0,0,0,1,0,0,1,0,0,0,0,0,0
2021,002,Jason Goldenberg,37,446,218,131,21,25,20,2,10,8,1,0,5,3,0,1,1,0,0,0,0,0,0,0,0,0,0,0,0,0,0
2021,002,Jenna Schroeder,38,372,188,111,8,23,15,1,4,9,7,0,1,2,0,1,1,1,0,0,0,0,0,0,0,0,0,0,0,0,0
2021,002,John Butler,39,489,272,127,21,26,16,1,8,7,4,0,1,3,0,2,1,0,0,0,0,0,0,0,0,0,0,0,0,0,0
2021,002,John Conley,25,297,151,87,16,12,7,1,6,6,4,0,1,2,0,0,3,0,1,0,0,0,0,0,0,0,0,0,0,0,0
2021,002,John Goble,49,675,311,213,30,33,25,3,20,9,7,0,4,9,0,0,4,4,0,0,0,1,1,0,1,0,0,0,0,0,0
2021,002,Jonathan Sterling,43,517,222,157,39,23,22,9,17,10,7,0,4,4,0,2,0,0,1,0,0,0,0,0,0,0,0,0,0,0,0
2021,002,Josh Tiven,54,730,348,248,31,26,14,2,12,18,13,0,4,4,0,4,3,1,2,0,0,0,0,0,0,0,0,0,0,0,0
2021,002,Justin Van Duyne,50,651,289,213,38,43,18,2,15,10,7,0,5,5,0,1,0,2,2,0,0,0,0,0,0,0,1,0,0,0,0
2021,002,Kane Fitzgerald,41,618,275,187,49,24,19,10,11,11,5,0,7,9,0,3,2,2,1,2,0,0,0,0,1,0,0,0,0,0,0
2021,002,Karl Lane,52,586,279,191,20,25,21,8,13,10,8,0,4,4,0,2,0,0,0,0,0,1,0,0,0,0,0,0,0,0,0
2021,002,Ken Mauer,47,639,310,212,28,31,10,4,11,8,7,0,12,1,0,1,2,1,1,0,0,0,0,0,0,0,0,0,0,0,0
2021,002,Kevin Cutler,43,483,210,158,23,24,20,2,16,9,7,0,6,3,0,3,1,0,0,0,0,0,0,1,0,0,0,0,0,0,0
2021,002,Kevin Scott,47,616,308,193,29,26,16,3,21,7,6,0,2,2,0,0,0,2,0,0,0,0,0,0,0,1,0,0,0,0,0
2021,002,Lauren Holtkamp,34,409,221,103,17,26,12,2,14,4,5,0,0,1,0,1,2,0,1,0,0,0,0,0,0,0,0,0,0,0,0
2021,002,Leon Wood,43,526,241,160,33,31,11,6,14,3,11,0,7,2,0,3,2,0,1,0,0,0,0,1,0,0,0,0,0,0,0
2021,002,Leroy Richardson,39,560,292,164,28,29,11,4,9,5,8,0,3,2,0,3,1,0,0,0,0,0,0,0,0,1,0,0,0,0,0
2021,002,Marat Kogut,47,693,341,206,38,29,14,7,12,16,11,0,8,4,0,1,2,1,3,0,0,0,0,0,0,0,0,0,0,0,0
2021,002,Marc Davis,56,699,378,174,32,32,11,4,19,12,7,0,7,12,0,2,2,2,1,0,0,2,0,1,1,0,0,0,0,0,0
2021,002,Mark Ayotte,50,647,327,198,30,30,21,1,13,4,8,0,4,6,0,3,0,0,1,1,0,0,0,0,0,0,0,0,0,0,0
2021,002,Mark Lindsay,30,424,189,144,24,22,8,4,9,9,4,0,6,2,0,1,0,1,1,0,0,0,0,0,0,0,0,0,0,0,0
2021,002,Matt Boland,42,497,220,180,28,24,11,2,8,7,6,0,1,1,0,1,2,0,1,2,0,2,0,1,0,0,0,0,0,0,0
2021,002,Matt Kallio,18,206,100,59,13,20,3,0,2,3,1,0,3,1,0,1,0,0,0,0,0,0,0,0,0,0,0,0,0,0,0
2021,002,Matt Myers,32,406,184,128,30,26,12,3,11,9,1,0,1,0,0,1,0,0,0,0,0,0,0,0,0,0,0,0,0,0,0
2021,002,Michael Smith,46,644,319,184,35,32,21,2,16,7,3,0,13,4,0,1,3,1,0,0,0,3,0,0,0,0,0,0,0,0,0
2021,002,Mitchell Ervin,49,661,331,211,40,19,14,5,9,11,9,0,0,8,0,1,2,1,0,0,0,0,0,0,0,0,0,0,0,0,0
2021,002,Mousa Dagher,42,572,256,189,26,36,10,5,5,18,12,0,4,6,0,3,0,1,0,0,0,0,0,1,0,0,0,0,0,0,0
2021,002,Natalie Sago,45,490,248,135,25,28,18,4,5,15,4,0,2,2,0,1,1,1,1,0,0,0,0,0,0,0,0,0,0,0,0
2021,002,Nate Green,44,529,274,148,25,24,17,3,12,14,6,0,2,1,0,2,1,0,0,0,0,0,0,0,0,0,0,0,0,0,0
2021,002,Nick Buchert,46,604,278,197,43,28,11,5,10,5,7,0,9,4,0,1,4,1,0,0,0,0,0,0,0,1,0,0,0,0,0
2021,002,Pat Fraher,21,257,136,63,12,13,9,2,7,5,5,0,1,4,0,0,0,0,0,0,0,0,0,0,0,0,0,0,0,0,0
2021,002,Phenizee Ransom,39,532,248,183,26,25,13,5,7,14,7,0,1,1,0,1,1,0,0,0,0,0,0,0,0,0,0,0,0,0,0
2021,002,Ray Acosta,40,472,238,138,25,20,12,4,9,9,3,0,0,5,0,2,2,3,0,2,0,0,0,0,0,0,0,0,0,0,0
2021,002,Robert Hussey,22,250,129,87,9,9,4,0,4,1,5,0,1,1,0,0,0,0,0,0,0,0,0,0,0,0,0,0,0,0,0
2021,002,Rodney Mott,48,670,314,189,49,27,18,4,14,21,9,0,6,7,0,4,0,3,2,0,0,1,0,0,1,0,0,0,0,0,1
2021,002,Scott Foster,44,691,306,211,47,43,24,7,13,14,6,0,3,9,0,1,1,2,1,0,0,0,0,2,1,0,0,0,0,0,0
2021,002,Scott Twardoski,46,607,304,167,27,44,11,8,15,10,4,0,5,6,0,4,2,0,0,0,0,0,0,0,0,0,0,0,0,0,0
2021,002,Scott Wall,45,646,317,193,36,21,26,4,20,8,14,0,2,2,0,3,0,0,0,0,0,0,0,0,0,0,0,0,0,0,0
2021,002,Sean Corbin,47,658,327,210,12,27,19,7,11,11,9,0,16,3,0,1,3,1,0,1,0,0,0,0,0,0,0,0,0,0,0
2021,002,Sean Wright,45,730,333,267,40,27,16,3,10,9,7,0,6,7,0,3,0,1,0,0,0,0,0,0,1,0,0,0,0,0,0
2021,002,Simone Jelks,33,378,183,125,14,28,3,4,9,6,3,0,1,0,0,0,1,0,1,0,0,0,0,0,0,0,0,0,0,0,0
2021,002,Suyash Mehta,31,371,202,108,17,13,12,2,4,4,2,0,5,1,0,0,0,0,1,0,0,0,0,0,0,0,0,0,0,0,0
2021,002,Tom Washington,34,479,251,148,20,19,13,3,8,2,8,0,5,0,0,0,1,0,0,0,0,0,0,0,0,0,0,0,1,0,0
2021,002,Tony Brothers,47,743,353,223,26,38,25,4,14,22,9,0,13,9,0,3,1,1,0,0,0,1,1,0,0,0,0,0,0,0,0
2021,002,Tony Brown,39,622,268,219,42,32,10,12,6,11,2,0,5,9,0,2,2,1,1,0,0,0,0,0,0,0,0,0,0,0,0
2021,002,Tre Maddox,36,490,258,140,21,23,14,2,13,4,3,0,1,7,0,3,0,0,0,0,0,0,1,0,0,0,0,0,0,0,0
2021,002,Tyler Ford,45,675,330,186,45,26,16,6,16,24,11,0,4,6,0,2,1,1,1,0,0,0,0,0,0,0,0,0,0,0,0
2021,002,Zach Zarba,53,771,367,250,34,40,16,2,28,7,12,0,5,3,0,1,0,1,1,2,0,0,0,0,1,0,0,0,1,0,0
2021,002,NA,892,2231,0,1,0,0,0,2224,0,0,0,0,0,0,0,0,0,0,0,6,0,0,0,0,0,0,0,0,0,0,0
2021,004,Ben Taylor,8,102,44,26,13,5,1,1,1,6,0,0,0,1,0,1,1,1,1,0,0,0,0,0,0,0,0,0,0,0,0
2021,004,Bill Kennedy,7,68,26,26,2,9,0,2,1,0,1,0,1,0,0,0,0,0,0,0,0,0,0,0,0,0,0,0,0,0,0
2021,004,Brent Barnaky,2,21,9,7,1,1,0,0,0,0,2,0,0,0,0,0,1,0,0,0,0,0,0,0,0,0,0,0,0,0,0
2021,004,Brian Forte,4,47,20,18,3,4,1,0,0,0,0,0,1,0,0,0,0,0,0,0,0,0,0,0,0,0,0,0,0,0,0
2021,004,Courtney Kirkland,10,140,62,53,7,7,1,2,3,1,0,0,0,3,0,1,0,0,0,0,0,0,0,0,0,0,0,0,0,0,0
2021,004,Curtis Blair,8,91,43,30,6,7,3,1,0,0,0,0,0,0,0,1,0,0,0,0,0,0,0,0,0,0,0,0,0,0,0
2021,004,David Guthrie,12,174,70,74,7,9,1,0,2,4,0,0,0,1,0,4,0,1,1,0,0,0,0,0,0,0,0,0,0,0,0
2021,004,Dedric Taylor,1,7,2,2,0,3,0,0,0,0,0,0,0,0,0,0,0,0,0,0,0,0,0,0,0,0,0,0,0,0,0
2021,004,Derrick Collins,2,21,7,12,2,0,0,0,0,0,0,0,0,0,0,0,0,0,0,0,0,0,0,0,0,0,0,0,0,0,0
2021,004,Ed Malloy,4,53,20,24,0,1,4,1,2,1,0,0,0,0,0,0,0,0,0,0,0,0,0,0,0,0,0,0,0,0,0
2021,004,Eric Lewis,13,209,64,80,22,18,6,1,3,5,5,0,3,0,0,0,0,1,1,0,0,0,0,0,0,0,0,0,0,0,0
2021,004,JB DeRosa,1,18,11,4,0,1,0,0,0,1,1,0,0,0,0,0,0,0,0,0,0,0,0,0,0,0,0,0,0,0,0
2021,004,Jacyn Goble,1,10,6,2,0,1,0,0,0,1,0,0,0,0,0,0,0,0,0,0,0,0,0,0,0,0,0,0,0,0,0
2021,004,James Capers,13,208,87,59,21,14,8,4,4,3,3,0,0,2,0,2,0,0,0,0,0,0,0,0,0,0,1,0,0,0,0
2021,004,James Williams,10,136,48,56,13,7,3,1,2,0,1,0,1,1,0,2,0,1,0,0,0,0,0,0,0,0,0,0,0,0,0
2021,004,John Goble,9,123,53,41,12,6,0,0,5,2,1,0,0,1,0,1,0,1,0,0,0,0,0,0,0,0,0,0,0,0,0
2021,004,Josh Tiven,11,146,66,45,6,8,5,2,2,3,2,0,0,1,0,3,1,2,0,0,0,0,0,0,0,0,0,0,0,0,0
2021,004,Kane Fitzgerald,10,153,64,48,8,12,8,1,0,3,3,0,0,2,0,0,0,4,0,0,0,0,0,0,0,0,0,0,0,0,0
2021,004,Karl Lane,2,26,10,8,3,3,0,0,2,0,0,0,0,0,0,0,0,0,0,0,0,0,0,0,0,0,0,0,0,0,0
2021,004,Ken Mauer,8,127,54,41,6,12,1,2,1,4,4,0,2,0,0,0,0,0,0,0,0,0,0,0,0,0,0,0,0,0,0
2021,004,Kevin Cutler,4,41,20,16,1,1,1,0,0,1,1,0,0,0,0,0,0,0,0,0,0,0,0,0,0,0,0,0,0,0,0
2021,004,Kevin Scott,7,99,48,32,8,7,2,0,0,1,1,0,0,0,0,0,0,0,0,0,0,0,0,0,0,0,0,0,0,0,0
2021,004,Marc Davis,14,149,60,51,3,11,4,1,4,6,2,0,1,4,0,0,1,1,0,0,0,0,0,0,0,0,0,0,0,0,0
2021,004,Mark Lindsay,5,71,27,28,7,2,1,0,0,2,0,0,1,0,0,2,1,0,0,0,0,0,0,0,0,0,0,0,0,0,0
2021,004,Michael Smith,4,62,25,18,5,7,1,1,1,0,0,0,0,0,0,3,0,1,0,0,0,0,0,0,0,0,0,0,0,0,0
2021,004,Pat Fraher,8,100,49,26,6,6,2,2,4,2,0,0,0,1,0,2,0,0,0,0,0,0,0,0,0,0,0,0,0,0,0
2021,004,Rodney Mott,5,69,33,18,8,4,1,0,1,1,1,0,0,1,0,0,0,0,0,0,0,0,0,0,1,0,0,0,0,0,0
2021,004,Scott Foster,12,182,84,47,14,8,6,5,0,3,5,0,2,2,0,2,0,3,0,0,0,0,0,1,0,0,0,0,0,0,0
2021,004,Scott Wall,1,19,8,9,0,0,2,0,0,0,0,0,0,0,0,0,0,0,0,0,0,0,0,0,0,0,0,0,0,0,0
2021,004,Sean Corbin,5,70,37,23,0,4,2,0,0,1,0,0,0,2,0,1,0,0,0,0,0,0,0,0,0,0,0,0,0,0,0
2021,004,Sean Wright,12,198,86,73,10,18,6,0,1,2,0,0,0,0,0,1,0,0,0,0,0,0,0,0,1,0,0,0,0,0,0
2021,004,Tom Washington,5,59,25,22,3,4,3,0,0,0,0,0,0,1,0,1,0,0,0,0,0,0,0,0,0,0,0,0,0,0,0
2021,004,Tony Brothers,10,117,47,42,8,11,4,0,0,1,0,0,1,2,0,1,0,0,0,0,0,0,0,0,0,0,0,0,0,0,0
2021,004,Tre Maddox,4,62,36,13,4,7,0,0,0,1,0,0,1,0,0,0,0,0,0,0,0,0,0,0,0,0,0,0,0,0,0
2021,004,Tyler Ford,5,61,30,17,4,8,1,0,1,0,0,0,0,0,0,0,0,0,0,0,0,0,0,0,0,0,0,0,0,0,0
2021,004,Zach Zarba,13,179,72,51,17,21,5,2,6,1,1,0,1,0,0,1,0,0,0,1,0,0,0,0,0,0,0,0,0,0,0
2021,004,NA,69,174,9,4,1,0,0,159,0,0,0,0,0,0,0,0,0,0,0,1,0,0,0,0,0,0,0,0,0,0,0
2022,002,Aaron Smith,54,626,321,155,49,37,17,8,12,15,4,0,1,5,0,0,0,1,0,0,0,1,0,0,0,0,0,0,0,0,0
2022,002,Andy Nagy,48,627,326,168,50,26,10,1,19,10,8,0,0,6,0,2,0,0,0,0,0,0,1,0,0,0,0,0,0,0,0
2022,002,Ashley Moyer-Gleich,4,43,29,8,1,3,0,0,1,0,0,0,0,0,0,1,0,0,0,0,0,0,0,0,0,0,0,0,0,0,0
2022,002,Ben Taylor,66,965,445,312,71,28,20,9,13,27,11,0,6,12,0,3,4,1,1,0,0,1,0,0,1,0,0,0,0,0,0
2022,002,Bennie Adams,46,640,281,194,45,35,19,0,8,14,14,0,8,13,0,1,3,1,1,2,0,1,0,0,0,0,0,0,0,0,0
2022,002,Bill Kennedy,60,805,363,281,32,42,12,8,13,14,9,0,10,12,0,4,1,2,0,0,0,1,0,0,0,0,1,0,0,0,0
2022,002,Blanca Burns,8,86,41,32,2,5,1,0,1,1,0,0,0,1,0,1,0,0,1,0,0,0,0,0,0,0,0,0,0,0,0
2022,002,Brandon Adair,59,695,348,208,27,56,16,3,12,3,11,0,6,1,0,2,0,0,0,0,0,1,0,0,1,0,0,0,0,0,0
2022,002,Brandon Schwab,39,431,251,106,20,21,5,2,7,6,4,0,3,5,0,1,0,0,0,0,0,0,0,0,0,0,0,0,0,0,0
2022,002,Brent Barnaky,63,776,411,216,23,56,23,2,15,6,11,0,1,5,0,4,1,0,1,0,0,0,0,0,1,0,0,0,0,0,0
2022,002,Brent Haskill,5,57,27,12,3,7,0,1,1,3,0,0,0,1,0,0,0,0,0,0,0,2,0,0,0,0,0,0,0,0,0
2022,002,Brett Nansel,52,756,408,220,29,42,19,1,11,9,1,0,5,7,0,1,1,1,0,0,0,1,0,0,0,0,0,0,0,0,0
2022,002,Brian Forte,61,749,371,218,40,39,16,7,11,23,6,0,8,7,0,0,2,0,0,0,0,1,0,0,0,0,0,0,0,0,0
2022,002,CJ Washington,39,558,265,176,26,23,10,5,14,14,6,0,5,7,0,2,1,0,0,2,0,1,0,1,0,0,0,0,0,0,0
2022,002,Che Flores,12,144,88,32,4,4,4,2,2,4,3,0,0,1,0,0,0,0,0,0,0,0,0,0,0,0,0,0,0,0,0
2022,002,Clare Aubry,3,31,13,15,1,0,0,0,2,0,0,0,0,0,0,0,0,0,0,0,0,0,0,0,0,0,0,0,0,0,0
2022,002,Courtney Kirkland,54,748,356,252,53,30,15,9,11,5,4,0,2,1,0,4,1,1,2,0,0,0,0,1,0,1,0,0,0,0,0
2022,002,Curtis Blair,61,771,331,266,50,37,22,9,7,17,3,0,5,16,0,2,2,2,1,0,0,1,0,0,0,0,0,0,0,0,0
2022,002,Danielle Scott,33,341,178,93,12,22,17,1,5,3,4,0,1,0,0,2,1,1,1,0,0,0,0,0,0,0,0,0,0,0,0
2022,002,Dannica Mosher,12,135,64,37,12,11,1,0,2,3,0,0,2,2,0,0,0,0,0,0,0,1,0,0,0,0,0,0,0,0,0
2022,002,David Guthrie,58,850,360,305,30,47,17,4,11,34,11,0,6,9,0,1,2,4,4,1,0,2,0,0,1,0,1,0,0,0,0
2022,002,Dedric Taylor,59,868,443,251,39,47,19,4,18,15,8,0,6,8,0,3,3,2,0,0,0,0,0,1,1,0,0,0,0,0,0
2022,002,Derek Richardson,55,660,336,185,21,43,12,5,7,12,9,0,5,15,0,3,1,1,0,2,0,3,0,0,0,0,0,0,0,0,0
2022,002,Derrick Collins,58,671,313,211,40,49,10,7,14,5,4,0,7,6,0,3,1,1,0,0,0,0,0,0,0,0,0,0,0,0,0
2022,002,Ed Malloy,54,774,348,253,31,42,25,3,17,17,9,0,8,10,0,4,0,2,3,1,0,0,1,0,0,0,0,0,0,0,0
2022,002,Eric Dalen,44,493,279,110,17,41,12,0,8,12,7,0,4,1,0,2,0,0,0,0,0,0,0,0,0,0,0,0,0,0,0
2022,002,Eric Lewis,58,917,379,326,62,40,14,0,23,28,11,0,9,13,0,4,2,2,1,2,0,0,0,0,1,0,0,0,0,0,0
2022,002,Evan Scott,40,504,250,148,20,31,8,8,10,12,7,0,1,7,0,1,0,0,0,0,0,0,0,1,0,0,0,0,0,0,0
2022,002,Gediminas Petraitis,60,896,436,269,51,46,20,3,8,21,7,0,7,13,0,5,4,1,2,1,0,0,1,1,0,0,0,0,0,0,0
2022,002,Isaac Barnett,1,14,11,2,1,0,0,0,0,0,0,0,0,0,0,0,0,0,0,0,0,0,0,0,0,0,0,0,0,0,0
2022,002,J.T. Orr,55,767,346,229,60,46,11,2,16,21,7,0,14,11,0,1,1,1,0,0,0,0,0,0,1,0,0,0,0,0,0
2022,002,JB DeRosa,64,866,448,243,43,51,26,3,13,18,5,0,1,9,0,2,1,0,2,0,0,1,0,0,0,0,0,0,0,0,0
2022,002,JD Ralls,12,168,79,64,4,9,3,1,2,3,1,0,0,0,0,1,0,0,0,0,0,1,0,0,0,0,0,0,0,0,0
2022,002,Jacyn Goble,64,918,492,246,37,50,18,9,18,22,11,0,1,7,0,1,2,2,1,0,0,1,0,0,0,0,0,0,0,0,0
2022,002,James Capers,50,659,291,205,55,34,14,5,8,17,11,0,2,9,0,3,2,1,1,0,0,0,0,0,0,1,0,0,0,0,0
2022,002,James Williams,60,840,348,246,63,45,21,7,24,33,6,0,17,17,0,2,4,4,1,0,0,1,1,0,0,0,0,0,0,0,0
2022,002,Jason Goldenberg,41,604,310,169,35,29,8,10,13,10,4,0,6,1,0,4,0,1,1,2,0,0,0,0,0,0,0,0,0,0,1
2022,002,Jenna Reneau,12,181,83,67,7,12,4,0,3,1,0,0,1,2,0,0,1,0,0,0,0,0,0,0,0,0,0,0,0,0,0
2022,002,Jenna Schroeder,37,404,235,95,15,11,9,1,11,11,3,0,1,3,0,5,0,2,2,0,0,0,0,0,0,0,0,0,0,0,0
2022,002,John Butler,45,603,304,173,36,39,12,3,11,13,4,0,0,4,0,1,1,0,2,0,0,0,0,0,0,0,0,0,0,0,0
2022,002,John Conley,29,323,140,108,20,23,4,1,7,7,2,0,1,5,0,1,0,1,0,0,0,1,0,2,0,0,0,0,0,0,0
2022,002,John Goble,46,648,281,211,46,33,8,13,18,16,4,0,7,6,0,1,2,2,0,0,0,0,0,0,0,0,0,0,0,0,0
2022,002,Jonathan Sterling,53,686,313,193,56,51,21,7,13,12,3,0,3,5,0,1,3,0,2,0,0,2,0,0,0,0,0,0,0,0,1
2022,002,Josh Tiven,63,831,419,230,42,49,21,8,14,20,4,0,2,12,0,4,1,2,0,2,0,0,0,0,1,0,0,0,0,0,0
2022,002,Justin Van Duyne,57,785,384,219,54,53,17,9,20,12,3,0,5,4,0,3,0,1,1,0,0,0,0,0,0,0,0,0,0,0,0
2022,002,Kane Fitzgerald,48,691,305,216,41,31,14,9,11,22,14,0,6,9,0,2,5,1,3,0,0,1,0,0,0,1,0,0,0,0,0
2022,002,Karl Lane,61,801,367,270,32,55,17,3,13,8,17,0,3,6,0,5,2,0,0,1,0,2,0,0,0,0,0,0,0,0,0
2022,002,Kevin Cutler,61,755,339,247,41,53,15,4,15,15,8,0,4,7,0,2,0,2,1,0,0,1,0,0,1,0,0,0,0,0,0
2022,002,Kevin Scott,43,572,279,152,40,33,12,5,15,13,5,0,2,3,0,4,0,5,1,2,0,1,0,0,0,0,0,0,0,0,0
2022,002,Lauren Holtkamp,55,703,374,199,24,38,13,2,15,11,9,0,4,10,0,2,0,0,2,0,0,0,0,0,0,0,0,0,0,0,0
2022,002,Leon Wood,52,670,275,253,30,40,13,5,13,7,7,0,5,8,0,1,1,4,5,2,0,0,0,1,0,0,0,0,0,0,0
2022,002,Marat Kogut,54,787,379,247,41,34,20,10,17,18,6,0,3,8,0,4,0,0,0,0,0,0,0,0,0,0,0,0,0,0,0
2022,002,Marc Davis,55,707,307,199,33,69,13,4,15,16,5,0,6,24,0,5,1,3,1,0,0,4,0,0,1,0,1,0,0,0,0
2022,002,Mark Lindsay,62,779,360,258,32,47,18,3,16,11,4,0,16,6,0,1,1,3,1,0,0,1,0,0,1,0,0,0,0,0,0
2022,002,Matt Boland,55,689,287,238,36,57,19,2,6,13,9,0,6,4,0,2,3,1,2,4,0,0,0,0,0,0,0,0,0,0,0
2022,002,Matt Kallio,10,117,55,26,5,14,1,0,3,6,2,0,4,1,0,0,0,0,0,0,0,0,0,0,0,0,0,0,0,0,0
2022,002,Matt Myers,41,583,269,196,25,33,16,3,10,9,7,0,3,4,0,5,0,0,0,1,0,1,1,0,0,0,0,0,0,0,0
2022,002,Michael Smith,56,867,369,296,46,37,22,3,16,16,8,0,34,9,0,2,2,2,2,0,0,0,0,1,1,1,0,0,0,0,0
2022,002,Mitchell Ervin,64,909,419,275,81,42,12,9,20,17,2,0,8,10,0,3,3,1,1,4,0,1,0,0,1,0,0,0,0,0,0
2022,002,Mousa Dagher,44,619,288,178,38,48,20,4,8,13,8,0,0,9,0,1,1,1,1,0,0,0,0,1,0,0,0,0,0,0,0
2022,002,Natalie Sago,63,746,420,167,27,54,20,3,11,24,7,0,2,7,0,2,1,0,1,0,0,0,0,0,0,0,0,0,0,0,0
2022,002,Nate Green,28,358,178,102,22,21,8,1,9,7,5,0,1,2,0,1,0,1,0,0,0,0,0,0,0,0,0,0,0,0,0
2022,002,Nick Buchert,64,804,395,236,60,35,11,8,18,5,7,0,14,6,0,6,2,0,0,0,0,0,0,1,0,0,0,0,0,0,0
2022,002,Pat Fraher,60,747,352,213,35,50,19,5,17,13,13,0,15,10,0,2,2,0,0,0,0,0,0,0,0,0,0,0,0,0,1
2022,002,Pat O'Connell,3,30,11,9,4,4,2,0,0,0,0,0,0,0,0,0,0,0,0,0,0,0,0,0,0,0,0,0,0,0,0
2022,002,Phenizee Ransom,47,636,246,244,34,49,16,4,8,16,4,0,3,7,0,3,1,0,0,0,0,1,0,0,0,0,0,0,0,0,0
2022,002,Ray Acosta,64,833,410,253,41,34,21,7,17,17,5,0,7,6,0,4,6,2,1,2,0,0,0,0,0,0,0,0,0,0,0
2022,002,Robert Hussey,10,96,55,22,4,5,2,0,6,1,1,0,0,0,0,0,0,0,0,0,0,0,0,0,0,0,0,0,0,0,0
2022,002,Rodney Mott,41,605,279,181,51,30,12,7,6,17,5,0,6,3,0,4,1,0,3,0,0,0,0,0,0,0,0,0,0,0,0
2022,002,Scott Foster,43,610,263,183,49,36,14,8,8,13,11,0,5,7,0,2,4,1,0,0,0,2,1,0,1,0,1,0,1,0,0
2022,002,Scott Twardoski,53,704,347,209,29,47,20,1,11,3,6,0,13,9,0,1,1,0,2,0,0,2,0,2,1,0,0,0,0,0,0
2022,002,Scott Wall,47,677,308,211,31,43,19,6,15,19,7,0,4,10,0,2,0,1,0,0,0,0,0,1,0,0,0,0,0,0,0
2022,002,Sean Corbin,29,368,150,144,9,25,6,6,6,7,3,0,5,6,0,0,0,0,1,0,0,0,0,0,0,0,0,0,0,0,0
2022,002,Sean Wright,63,1093,465,377,71,54,24,7,16,27,17,0,6,14,0,3,3,2,2,1,0,2,1,0,1,0,0,0,0,0,0
2022,002,Sha'Rae Mitchell,4,48,28,10,2,4,2,0,0,1,0,0,0,0,0,1,0,0,0,0,0,0,0,0,0,0,0,0,0,0,0
2022,002,Simone Jelks,1,19,8,7,1,1,1,0,0,0,1,0,0,0,0,0,0,0,0,0,0,0,0,0,0,0,0,0,0,0,0
2022,002,Suyash Mehta,47,581,310,154,18,41,17,5,6,13,5,0,2,4,0,2,1,0,3,0,0,0,0,0,0,0,0,0,0,0,0
2022,002,Tom Washington,50,573,256,219,24,28,13,4,5,5,7,0,7,2,0,1,0,2,0,0,0,0,0,0,0,0,0,0,0,0,0
2022,002,Tony Brothers,59,891,371,281,35,58,30,8,17,26,6,0,24,22,0,4,2,2,2,2,0,0,0,0,0,0,1,0,0,0,0
2022,002,Tre Maddox,54,697,345,181,52,47,16,4,10,11,5,0,3,12,0,1,2,2,3,0,0,3,0,0,0,0,0,0,0,0,0
2022,002,Tyler Ford,67,1035,494,289,72,51,22,20,13,22,10,0,11,24,0,0,4,0,1,1,0,0,1,0,0,0,0,0,0,0,0
2022,002,Tyler Mirkovich,1,8,5,2,0,1,0,0,0,0,0,0,0,0,0,0,0,0,0,0,0,0,0,0,0,0,0,0,0,0,0
2022,002,Tyler Ricks,9,82,44,21,2,2,4,2,2,1,2,0,0,0,0,0,0,1,1,0,0,0,0,0,0,0,0,0,0,0,0
2022,002,Zach Zarba,60,784,341,244,52,68,18,3,25,8,10,0,5,4,0,3,1,1,1,0,0,0,0,0,0,0,0,0,0,0,0
2022,002,NA,1012,2624,0,0,0,0,0,2619,0,0,0,0,0,0,0,0,0,0,0,5,0,0,0,0,0,0,0,0,0,0,0
2022,004,Ben Taylor,7,115,48,33,16,3,7,0,2,2,0,0,0,1,0,0,2,0,0,0,0,1,0,0,0,0,0,0,0,0,0
2022,004,Bill Kennedy,7,94,41,30,4,9,3,0,3,2,0,0,0,1,0,1,0,0,0,0,0,0,0,0,0,0,0,0,0,0,0
2022,004,Brent Barnaky,2,27,6,14,1,1,2,1,1,0,0,0,0,0,0,0,1,0,0,0,0,0,0,0,0,0,0,0,0,0,0
2022,004,Brian Forte,4,56,30,14,4,5,3,0,0,0,0,0,0,0,0,0,0,0,0,0,0,0,0,0,0,0,0,0,0,0,0
2022,004,Courtney Kirkland,11,187,90,49,18,13,5,2,4,2,0,0,1,0,0,2,1,0,0,0,0,0,0,0,0,0,0,0,0,0,0
2022,004,Curtis Blair,9,101,46,35,4,8,3,1,3,0,0,0,0,0,0,0,1,0,0,0,0,0,0,0,0,0,0,0,0,0,0
2022,004,David Guthrie,15,210,96,67,11,13,6,0,3,4,1,0,1,3,0,1,0,3,1,0,0,0,0,0,0,0,0,0,0,0,0
2022,004,Ed Malloy,7,108,43,39,8,2,6,2,2,2,3,0,0,0,0,1,0,0,0,0,0,0,0,0,0,0,0,0,0,0,0
2022,004,Eric Dalen,2,19,13,0,1,4,0,1,0,0,0,0,0,0,0,0,0,0,0,0,0,0,0,0,0,0,0,0,0,0,0
2022,004,Eric Lewis,10,168,64,64,16,8,4,2,1,2,1,0,0,2,0,1,0,1,0,2,0,0,0,0,0,0,0,0,0,0,0
2022,004,Gediminas Petraitis,4,45,23,14,0,2,0,3,0,0,0,0,0,0,0,0,1,1,0,0,0,0,0,1,0,0,0,0,0,0,0
2022,004,JB DeRosa,2,25,8,13,0,1,0,0,2,0,0,0,0,0,0,0,0,0,1,0,0,0,0,0,0,0,0,0,0,0,0
2022,004,Jacyn Goble,4,56,31,11,2,6,2,1,1,1,1,0,0,0,0,0,0,0,0,0,0,0,0,0,0,0,0,0,0,0,0
2022,004,James Capers,15,218,96,66,15,13,7,1,6,5,1,0,0,1,0,2,1,4,0,0,0,0,0,0,0,0,0,0,0,0,0
2022,004,James Williams,10,131,59,36,18,2,3,0,2,6,0,0,1,1,0,1,0,1,0,0,0,0,0,0,1,0,0,0,0,0,0
2022,004,John Goble,13,151,48,59,17,14,4,0,2,1,1,0,0,2,0,0,2,1,0,0,0,0,0,0,0,0,0,0,0,0,0
2022,004,Josh Tiven,13,165,87,48,9,7,5,2,1,3,1,0,0,2,0,0,0,0,0,0,0,0,0,0,0,0,0,0,0,0,0
2022,004,Justin Van Duyne,1,13,4,3,1,0,1,2,0,1,1,0,0,0,0,0,0,0,0,0,0,0,0,0,0,0,0,0,0,0,0
2022,004,Kane Fitzgerald,13,195,87,62,19,4,5,2,3,4,2,0,1,1,0,3,1,1,0,0,0,0,0,0,0,0,0,0,0,0,0
2022,004,Karl Lane,4,47,16,21,2,5,0,0,0,1,1,0,0,1,0,0,0,0,0,0,0,0,0,0,0,0,0,0,0,0,0
2022,004,Kevin Cutler,1,16,6,6,0,3,0,0,0,1,0,0,0,0,0,0,0,0,0,0,0,0,0,0,0,0,0,0,0,0,0
2022,004,Marc Davis,13,172,70,51,7,11,4,5,5,11,2,0,2,3,0,0,0,1,0,0,0,0,0,0,0,0,0,0,0,0,0
2022,004,Mark Lindsay,9,114,44,34,8,9,7,1,7,1,2,0,0,1,0,0,0,0,0,0,0,0,0,0,0,0,0,0,0,0,0
2022,004,Michael Smith,2,29,13,10,5,0,1,0,0,0,0,0,0,0,0,0,0,0,0,0,0,0,0,0,0,0,0,0,0,0,0
2022,004,Mitchell Ervin,4,65,24,25,8,1,0,1,2,1,0,0,0,1,0,1,0,0,0,0,0,0,0,0,1,0,0,0,0,0,0
2022,004,Nick Buchert,2,30,10,5,5,6,1,0,0,2,0,0,0,0,0,1,0,0,0,0,0,0,0,0,0,0,0,0,0,0,0
2022,004,Pat Fraher,6,75,39,23,4,3,1,0,2,1,0,0,1,1,0,0,0,0,0,0,0,0,0,0,0,0,0,0,0,0,0
2022,004,Rodney Mott,4,51,18,23,5,3,1,0,1,0,0,0,0,0,0,0,0,0,0,0,0,0,0,0,0,0,0,0,0,0,0
2022,004,Scott Foster,13,198,83,65,16,8,8,1,7,3,2,0,0,2,0,1,0,2,0,0,0,0,0,0,0,0,0,0,0,0,0
2022,004,Scott Twardoski,2,19,12,3,1,1,0,0,0,0,0,0,0,1,0,1,0,0,0,0,0,0,0,0,0,0,0,0,0,0,0
2022,004,Sean Wright,9,135,57,49,12,5,8,1,0,0,1,0,0,0,0,0,0,0,1,1,0,0,0,0,0,0,0,0,0,0,0
2022,004,Tom Washington,4,49,30,14,0,2,2,0,0,0,0,0,0,0,0,1,0,0,0,0,0,0,0,0,0,0,0,0,0,0,0
2022,004,Tony Brothers,11,145,57,59,5,9,3,1,2,2,1,0,0,5,0,0,0,1,0,0,0,0,0,0,0,0,0,0,0,0,0
2022,004,Tre Maddox,6,96,42,34,5,4,2,1,1,1,0,0,0,1,0,1,2,0,0,2,0,0,0,0,0,0,0,0,0,0,0
2022,004,Tyler Ford,8,135,67,42,5,4,2,4,2,1,0,0,4,0,0,2,1,0,0,0,0,0,0,0,0,0,0,0,0,0,1
2022,004,Zach Zarba,16,258,105,78,30,11,7,4,10,5,1,0,0,2,0,1,0,2,0,0,0,0,0,0,1,0,1,0,0,0,0
2022,004,NA,79,242,0,0,0,0,0,241,0,0,0,0,0,0,0,0,0,0,0,1,0,0,0,0,0,0,0,0,0,0,0
2023,002,Aaron Smith,61,732,404,162,47,19,21,21,17,13,5,0,3,13,0,1,0,1,0,2,0,1,0,0,0,0,0,0,0,0,0
2023,002,Andy Nagy,48,568,336,117,31,14,11,21,11,9,8,0,0,4,0,4,0,0,0,0,0,0,0,0,0,0,0,0,0,0,0
2023,002,Ashley Moyer-Gleich,62,764,426,181,28,14,14,41,20,12,9,0,1,13,0,2,1,1,0,0,0,0,0,0,0,0,0,0,0,0,0
2023,002,Ben Taylor,65,1037,476,262,102,16,22,68,11,31,21,0,5,9,0,5,1,0,0,2,0,0,0,0,0,0,1,0,0,0,0
2023,002,Bill Kennedy,62,863,456,210,45,17,23,30,27,17,9,0,7,8,0,4,4,3,0,0,0,0,0,0,0,0,0,0,0,0,0
2023,002,Brandon Adair,50,504,262,142,19,15,13,15,13,6,10,0,3,3,0,1,2,0,0,0,0,0,0,0,0,0,0,0,0,0,0
2023,002,Brandon Schwab,42,547,332,120,15,11,14,22,6,9,0,0,7,6,0,0,1,1,0,0,0,1,0,0,0,0,0,0,0,0,0
2023,002,Brent Barnaky,63,797,417,231,32,7,20,38,15,12,2,0,6,9,0,1,2,1,1,0,0,0,0,0,0,0,0,0,0,0,0
2023,002,Brent Haskill,6,65,28,23,3,0,0,4,1,5,0,0,0,1,0,0,0,0,0,0,0,0,0,0,0,0,0,0,0,0,0
2023,002,Brett Nansel,58,865,495,233,29,7,15,20,20,14,6,0,8,7,0,4,1,1,0,0,0,0,0,0,0,0,0,0,0,0,0
2023,002,Brian Forte,64,878,455,243,29,12,17,50,15,29,7,0,3,7,0,6,1,1,0,1,0,1,0,0,0,0,0,0,0,0,0
2023,002,CJ Washington,44,725,390,177,37,9,17,38,12,18,3,0,9,5,0,2,3,1,1,0,0,0,0,0,0,0,0,0,0,0,0
2023,002,Che Flores,35,429,224,133,22,9,9,16,7,3,1,0,0,3,0,1,0,0,0,0,0,0,0,0,0,0,0,0,0,0,0
2023,002,Courtney Kirkland,62,856,435,209,51,19,25,46,19,11,11,0,7,14,0,2,1,2,1,0,0,1,0,0,0,0,1,0,0,0,0
2023,002,Curtis Blair,63,901,417,300,39,17,30,39,14,15,5,0,5,9,0,4,1,0,1,0,0,1,0,0,0,0,0,0,0,0,0
2023,002,Danielle Scott,9,111,62,32,5,2,3,1,2,2,1,0,1,0,0,0,0,0,0,0,0,0,0,0,0,0,0,0,0,0,0
2023,002,Dannica Mosher,33,409,220,116,17,7,4,13,4,9,8,0,2,2,0,1,2,0,0,0,0,2,0,0,0,0,0,0,0,0,0
2023,002,David Guthrie,59,961,416,319,46,14,11,44,15,21,15,0,10,25,0,3,4,2,1,4,0,6,0,0,0,0,0,0,1,0,0
2023,002,Dedric Taylor,56,767,403,192,42,24,17,29,14,17,10,0,7,9,0,0,0,0,0,1,0,0,0,0,0,0,0,0,0,0,0
2023,002,Derek Richardson,26,345,187,80,18,6,11,11,7,6,2,0,8,2,0,3,1,0,0,0,0,0,0,0,0,0,0,0,0,0,0
2023,002,Derrick Collins,26,351,156,119,16,6,11,18,9,1,6,0,2,2,0,2,1,0,0,0,0,0,0,0,0,0,0,0,0,0,0
2023,002,Ed Malloy,59,818,404,220,38,11,24,39,28,18,15,0,4,4,0,3,0,4,0,0,0,0,0,0,0,0,0,0,0,0,0
2023,002,Eric Dalen,40,481,275,114,16,8,14,14,8,8,5,0,5,9,0,1,1,0,0,0,0,0,0,0,1,0,0,0,0,0,0
2023,002,Eric Lewis,63,1093,490,315,99,8,22,54,24,28,12,0,9,13,0,5,3,3,0,2,0,0,0,0,1,0,2,0,0,0,0
2023,002,Evan Scott,40,542,300,120,43,6,8,37,6,5,7,0,3,3,0,1,0,1,0,0,0,0,0,0,0,0,0,0,0,0,0
2023,002,Gediminas Petraitis,64,913,439,277,42,14,17,54,9,13,9,0,8,10,0,6,1,1,1,3,0,5,0,0,0,0,0,0,0,0,0
2023,002,Intae Hwang,7,70,40,16,5,1,1,4,1,1,1,0,0,0,0,0,0,0,0,0,0,0,0,0,0,0,0,0,0,0,0
2023,002,J.T. Orr,49,752,385,174,62,9,21,26,17,13,10,0,10,11,0,3,1,2,2,2,0,1,0,0,0,0,0,0,0,0,0
2023,002,JB DeRosa,64,1036,573,271,44,12,20,47,17,22,7,0,1,9,0,4,2,1,0,0,0,1,0,0,1,0,0,0,0,0,0
2023,002,JD Ralls,6,95,46,28,7,0,1,8,0,1,3,0,0,1,0,0,0,0,0,0,0,0,0,0,0,0,0,0,0,0,0
2023,002,Jacyn Goble,62,905,486,230,45,11,22,39,20,25,9,0,3,4,0,4,0,1,0,0,0,1,0,0,1,0,1,0,0,0,0
2023,002,James Capers,43,580,265,177,55,11,12,16,13,6,7,0,2,6,0,2,0,0,3,0,0,0,0,0,2,0,0,0,0,0,0
2023,002,James Williams,63,809,364,190,72,13,28,35,28,27,13,0,12,14,0,3,3,0,0,1,0,0,0,0,0,0,1,0,0,0,0
2023,002,Jason Goldenberg,48,687,364,154,48,8,20,41,13,17,8,0,7,3,0,2,0,0,0,0,0,2,0,0,0,0,0,0,0,0,0
2023,002,Jenna Reneau,5,54,22,23,1,3,0,2,0,2,0,0,0,0,0,0,0,0,0,0,0,0,0,0,0,0,0,0,0,0,0
2023,002,Jenna Schroeder,35,455,247,117,22,6,4,20,10,9,9,0,0,3,0,2,2,0,1,0,0,2,0,0,0,0,0,0,0,0,0
2023,002,John Butler,48,585,319,142,29,10,9,28,14,15,9,0,1,1,0,3,1,0,0,2,0,0,0,0,0,0,0,0,0,0,0
2023,002,John Conley,36,439,228,110,20,6,14,26,6,8,9,0,1,6,0,2,0,1,0,1,0,1,0,0,0,0,0,0,0,0,0
2023,002,John Goble,62,871,361,254,68,17,17,52,15,20,14,0,4,26,0,3,4,2,0,0,0,10,0,0,1,0,1,0,0,0,0
2023,002,Jonathan Sterling,47,650,284,210,45,7,16,34,16,10,8,0,2,11,0,1,2,0,0,0,0,1,0,0,1,0,0,0,0,0,0
2023,002,Josh Tiven,65,986,516,254,46,18,17,61,17,18,12,0,2,10,0,6,2,3,1,0,0,1,0,1,0,0,0,0,0,0,0
2023,002,Justin Van Duyne,63,864,408,222,53,14,27,62,13,25,7,0,10,8,0,2,2,0,0,0,0,2,2,1,0,0,0,0,0,0,0
2023,002,Karl Lane,64,862,399,290,27,19,22,42,13,19,8,0,6,6,0,2,4,0,1,0,0,2,0,0,0,0,0,0,0,0,0
2023,002,Kevin Cutler,55,649,349,165,38,8,16,31,12,8,6,0,5,3,0,3,0,0,0,0,0,0,0,0,0,0,0,0,0,0,0
2023,002,Kevin Scott,61,846,410,246,52,15,33,38,21,10,7,0,2,6,0,2,0,1,0,0,0,0,0,0,1,0,0,0,0,0,0
2023,002,Lauren Holtkamp,37,512,281,128,18,6,19,19,6,14,3,0,0,11,0,2,1,0,1,0,0,2,0,0,0,0,0,0,0,0,0
2023,002,Leon Wood,47,633,269,217,41,9,18,36,13,3,6,0,9,2,0,0,3,1,0,2,0,0,0,0,0,0,0,0,0,0,0
2023,002,Marat Kogut,44,690,332,203,38,9,23,35,7,21,7,0,3,3,0,2,1,2,0,0,0,0,0,0,0,0,0,0,0,0,0
2023,002,Marc Davis,61,855,453,204,33,26,14,32,24,17,13,0,8,14,0,4,1,2,1,0,0,3,0,0,3,0,0,0,0,0,0
2023,002,Mark Lindsay,34,478,239,144,21,9,11,22,9,5,5,0,4,2,0,3,0,0,0,0,0,1,0,0,0,0,0,0,0,0,0
2023,002,Matt Boland,53,791,372,258,42,14,18,30,13,10,10,0,4,2,0,2,8,2,0,0,0,0,0,1,0,0,0,0,0,0,0
2023,002,Matt Kallio,31,385,205,94,14,5,7,18,8,10,4,0,10,6,0,1,0,0,0,0,0,0,0,0,0,0,0,0,0,0,0
2023,002,Matt Myers,52,767,386,233,43,18,15,40,8,3,3,0,6,8,0,2,1,0,0,0,0,0,0,1,0,0,0,0,0,0,0
2023,002,Michael Smith,55,814,368,286,36,10,18,37,11,9,5,0,14,7,0,1,3,0,0,0,0,1,0,0,1,0,0,0,0,0,0
2023,002,Mitchell Ervin,65,1095,514,297,79,22,20,53,32,12,8,0,24,18,0,3,0,5,0,2,0,2,0,0,0,0,0,0,0,0,0
2023,002,Mousa Dagher,44,561,252,155,38,12,11,32,12,16,12,0,3,8,0,5,0,0,0,0,0,1,0,0,0,0,0,0,0,0,0
2023,002,Natalie Sago,62,801,449,180,35,8,19,39,14,26,11,0,1,7,0,2,1,0,1,0,0,0,0,0,0,0,1,0,0,0,0
2023,002,Nate Green,36,520,277,120,37,10,8,30,10,14,2,0,7,1,0,1,1,0,0,0,0,0,0,0,0,0,0,0,0,0,0
2023,002,Nick Buchert,61,922,446,266,48,13,20,40,17,21,16,0,9,10,0,4,1,1,1,0,0,0,0,0,1,0,0,0,0,0,0
2023,002,Pat Fraher,62,977,524,215,48,22,24,54,26,6,5,0,23,17,0,6,2,0,2,0,0,1,0,0,0,0,0,0,0,0,0
2023,002,Pat O'Connell,6,73,40,22,7,0,0,1,0,1,2,0,0,0,0,0,0,0,0,0,0,0,0,0,0,0,0,0,0,0,0
2023,002,Phenizee Ransom,45,618,297,204,38,8,13,15,11,9,6,0,4,6,0,2,0,0,0,0,0,2,0,0,0,0,0,0,0,0,0
2023,002,Ray Acosta,64,867,441,239,46,13,20,33,18,25,8,0,7,11,0,2,1,2,0,0,0,1,0,0,0,0,0,0,0,0,0
2023,002,Robert Hussey,33,406,234,100,22,5,7,9,12,8,6,0,0,0,0,0,1,0,0,0,0,1,0,0,0,0,0,0,0,0,0
2023,002,Rodney Mott,54,729,327,210,53,20,15,38,16,11,9,0,9,5,0,1,4,0,0,0,0,3,0,1,0,0,0,0,0,0,0
2023,002,Scott Foster,58,917,454,236,71,11,19,61,15,10,18,0,6,8,0,2,1,1,1,0,0,0,0,0,0,0,0,0,0,0,0
2023,002,Scott Twardoski,49,675,331,173,41,13,13,35,18,11,5,0,6,6,0,4,4,1,0,2,0,3,1,0,0,0,1,0,0,0,0
2023,002,Scott Wall,42,640,322,175,37,9,22,29,19,8,7,0,3,4,0,1,1,0,1,0,0,0,0,0,0,0,1,0,0,0,0
2023,002,Sean Corbin,52,797,386,252,28,16,25,29,20,8,12,0,7,5,0,1,2,0,0,0,0,1,0,0,0,0,0,0,0,0,0
2023,002,Sean Wright,63,984,467,304,66,14,28,31,15,18,6,0,4,12,0,8,2,3,0,3,0,0,1,0,0,0,0,0,1,0,0
2023,002,Sha'Rae Mitchell,7,92,51,24,6,3,0,4,1,0,0,0,0,0,0,0,1,0,0,0,0,0,0,0,0,0,0,0,0,0,0
2023,002,Simone Jelks,6,64,24,18,6,3,2,7,1,2,0,0,0,0,0,0,0,0,0,0,0,0,0,0,0,0,0,0,0,0,0
2023,002,Suyash Mehta,39,537,289,122,25,9,18,28,15,8,8,0,4,5,0,1,2,0,0,0,0,0,0,0,0,0,0,0,0,0,0
2023,002,Tom Washington,19,263,122,94,8,6,8,13,5,2,2,0,1,0,0,0,0,0,1,0,0,0,0,0,0,0,0,0,0,0,0
2023,002,Tony Brothers,64,1035,480,299,53,11,32,43,26,20,13,0,20,17,0,3,4,0,0,0,0,5,0,0,0,0,1,0,0,0,0
2023,002,Tre Maddox,59,751,378,182,47,16,24,41,17,19,9,0,1,11,0,3,0,1,0,2,0,0,0,0,0,0,0,0,0,0,0
2023,002,Tyler Ford,63,997,526,246,66,15,16,47,12,17,13,0,10,22,0,1,0,1,0,0,0,1,0,1,0,0,0,0,0,0,0
2023,002,Tyler Mirkovich,7,79,47,15,5,0,1,4,4,1,1,0,0,0,0,0,0,0,0,0,0,0,0,0,0,0,0,0,0,0,0
2023,002,Tyler Ricks,6,74,40,24,2,1,2,2,0,0,0,0,1,1,0,0,0,0,1,0,0,0,0,0,0,0,0,0,0,0,0
2023,002,Zach Zarba,64,817,429,219,53,16,16,25,22,10,10,0,3,4,0,4,2,0,1,0,0,0,0,0,0,0,0,0,0,0,0
2023,002,NA,333,1097,0,0,0,0,0,1091,0,0,0,0,0,0,0,0,0,0,0,6,0,0,0,0,0,0,0,0,0,0,0
2023,004,Aaron Smith,1,8,2,3,2,0,0,0,0,0,1,0,0,0,0,0,0,0,0,0,0,0,0,0,0,0,0,0,0,0,0
2023,004,Ben Taylor,9,126,50,45,14,2,2,6,4,1,0,0,0,1,0,1,0,0,0,0,0,0,0,0,0,0,0,0,0,0,0
2023,004,Bill Kennedy,12,146,72,48,4,3,3,7,3,1,0,0,3,0,0,0,0,1,0,0,0,0,0,0,0,0,0,0,0,0,0
2023,004,Brent Barnaky,1,14,7,4,1,0,1,0,0,0,0,0,0,0,0,1,0,0,0,0,0,0,0,0,0,0,0,0,0,0,0
2023,004,Brian Forte,7,88,46,22,5,2,1,4,2,2,1,0,0,0,0,2,1,0,0,0,0,0,0,0,0,0,0,0,0,0,0
2023,004,Courtney Kirkland,9,127,51,41,10,1,3,11,5,1,1,0,0,1,0,1,0,0,0,0,0,0,0,0,0,0,0,0,0,0,0
2023,004,Curtis Blair,10,133,61,53,10,0,3,4,1,0,1,0,0,0,0,0,0,0,0,0,0,0,0,0,0,0,0,0,0,0,0
2023,004,David Guthrie,14,176,82,61,5,3,5,5,2,1,8,0,0,0,0,0,1,0,1,0,0,0,0,0,0,0,0,0,0,0,0
2023,004,Ed Malloy,8,107,49,29,5,3,2,12,2,3,0,0,0,0,0,0,0,0,0,0,0,0,0,0,1,0,0,0,0,0,0
2023,004,Eric Dalen,1,11,6,1,2,0,1,0,1,0,0,0,0,0,0,0,0,0,0,0,0,0,0,0,0,0,0,0,0,0,0
2023,004,Eric Lewis,9,141,56,51,12,3,2,10,2,1,1,0,0,1,0,1,1,0,0,0,0,0,0,0,0,0,0,0,0,0,0
2023,004,Gediminas Petraitis,4,52,30,14,1,0,1,5,0,0,0,0,0,0,0,0,1,0,0,0,0,0,0,0,0,0,0,0,0,0,0
2023,004,JB DeRosa,2,29,17,7,1,0,2,1,0,0,0,0,0,0,0,0,0,1,0,0,0,0,0,0,0,0,0,0,0,0,0
2023,004,Jacyn Goble,4,59,36,12,2,4,2,1,0,1,0,0,0,0,0,1,0,0,0,0,0,0,0,0,0,0,0,0,0,0,0
2023,004,James Williams,11,147,58,46,19,4,4,10,3,1,1,0,1,0,0,0,0,0,0,0,0,0,0,0,0,0,0,0,0,0,0
2023,004,John Goble,12,170,61,63,18,2,3,10,3,1,3,0,0,2,0,1,0,1,1,0,0,1,0,0,0,0,0,0,0,0,0
2023,004,Josh Tiven,12,185,93,48,13,6,3,9,4,3,2,0,1,1,0,1,0,0,0,0,0,0,0,0,0,0,1,0,0,0,0
2023,004,Justin Van Duyne,2,32,14,9,3,1,1,2,1,0,0,0,1,0,0,0,0,0,0,0,0,0,0,0,0,0,0,0,0,0,0
2023,004,Karl Lane,5,54,26,14,5,1,0,4,0,0,0,0,0,1,0,1,2,0,0,0,0,0,0,0,0,0,0,0,0,0,0
2023,004,Kevin Cutler,2,14,6,5,0,1,0,2,0,0,0,0,0,0,0,0,0,0,0,0,0,0,0,0,0,0,0,0,0,0,0
2023,004,Kevin Scott,11,140,63,39,11,5,7,7,3,2,1,0,0,1,0,0,0,0,0,0,0,0,0,0,0,0,0,0,0,0,0
2023,004,Marc Davis,15,209,85,69,13,4,6,8,8,5,2,0,1,2,0,0,1,2,0,2,0,0,0,0,0,0,0,0,0,0,0
2023,004,Mark Lindsay,8,84,48,24,6,2,2,0,1,0,0,0,1,0,0,0,0,0,0,0,0,0,0,0,0,0,0,0,0,0,0
2023,004,Michael Smith,1,18,9,6,1,0,1,0,0,0,0,0,1,0,0,0,0,0,0,0,0,0,0,0,0,0,0,0,0,0,0
2023,004,Mitchell Ervin,4,60,23,15,4,2,2,7,2,2,0,0,1,1,0,1,0,0,0,0,0,0,0,0,0,0,0,0,0,0,0
2023,004,Nick Buchert,4,47,23,13,2,1,2,1,0,0,1,0,0,3,0,0,0,0,0,0,0,0,0,0,1,0,0,0,0,0,0
2023,004,Pat Fraher,5,56,30,9,3,0,2,5,1,3,0,0,0,0,0,1,0,1,0,0,0,0,0,0,0,0,0,0,1,0,0
2023,004,Ray Acosta,1,21,9,5,1,2,1,1,2,0,0,0,0,0,0,0,0,0,0,0,0,0,0,0,0,0,0,0,0,0,0
2023,004,Rodney Mott,4,59,24,16,7,2,1,5,3,0,1,0,0,0,0,0,0,0,0,0,0,0,0,0,0,0,0,0,0,0,0
2023,004,Scott Foster,15,230,94,68,31,4,4,17,3,2,2,0,0,0,0,2,1,1,0,0,0,0,0,1,0,0,0,0,0,0,0
2023,004,Sean Corbin,4,45,18,16,5,0,1,2,0,0,1,0,1,0,0,0,0,0,0,0,0,0,0,0,0,0,0,0,0,0,0
2023,004,Sean Wright,5,83,33,25,11,2,3,5,1,0,1,0,0,0,0,0,0,1,0,0,0,0,0,0,0,0,0,0,0,0,0
2023,004,Tony Brothers,13,195,86,45,13,7,5,18,6,6,3,0,1,3,0,0,1,0,0,0,0,0,0,0,0,0,0,0,0,0,0
2023,004,Tre Maddox,7,83,42,23,8,1,2,5,1,0,0,0,0,1,0,0,0,0,0,0,0,0,0,0,0,0,0,0,0,0,0
2023,004,Tyler Ford,8,134,65,27,8,4,5,15,1,2,4,0,0,1,0,0,0,0,0,0,0,1,0,0,0,0,0,0,0,0,0
2023,004,Zach Zarba,13,198,76,66,18,6,9,8,4,2,2,0,0,1,0,2,1,1,1,0,0,0,0,0,1,0,0,0,0,0,0
2024,002,Aaron Smith,52,638,337,164,43,20,16,19,17,4,11,0,1,3,0,2,0,0,0,0,0,0,0,0,0,0,0,0,0,0,0
2024,002,Andy Nagy,39,573,304,143,42,10,3,27,10,12,11,0,1,5,0,2,0,2,1,0,0,0,0,0,0,0,0,0,0,0,0
2024,002,Ashley Moyer-Gleich,47,547,332,110,22,9,11,33,7,5,10,0,0,4,0,1,2,1,0,0,0,0,0,0,0,0,0,0,0,0,0
2024,002,Ben Taylor,38,600,256,167,40,9,20,44,6,18,7,0,8,9,0,4,0,5,1,0,0,0,0,0,0,1,0,0,0,0,0
2024,002,Bill Kennedy,49,607,269,199,28,5,9,34,21,6,6,0,12,4,0,1,3,7,0,0,0,0,0,0,0,1,0,0,0,0,0
2024,002,Biniam Maru,2,29,16,9,1,1,0,1,0,0,0,0,0,0,0,1,0,0,0,0,0,0,0,0,0,0,0,0,0,0,0
2024,002,Brandon Adair,33,352,181,107,19,7,8,14,5,3,4,0,2,1,0,0,0,0,0,0,0,0,0,0,0,0,0,0,0,0,0
2024,002,Brandon Schwab,29,422,228,106,17,10,7,19,6,6,5,0,9,4,0,1,0,0,1,2,0,0,0,0,0,0,0,0,0,0,0
2024,002,Brent Barnaky,50,678,376,175,20,9,11,41,6,10,6,0,10,5,0,0,1,1,0,0,0,0,0,0,0,0,0,0,0,0,0
2024,002,Brent Haskill,8,109,50,34,4,0,2,6,2,9,0,0,0,1,0,0,0,1,0,0,0,0,0,0,0,0,0,0,0,0,0
2024,002,Brett Nansel,46,553,280,147,25,14,17,24,16,5,7,0,5,6,0,1,1,0,0,1,0,1,0,0,0,1,0,0,0,0,0
2024,002,Brian Forte,51,626,306,175,11,11,5,59,12,17,8,0,9,5,0,3,0,0,0,0,0,0,0,0,1,0,0,0,0,0,0
2024,002,CJ Washington,44,670,335,171,38,11,10,39,10,19,12,0,9,7,0,0,0,0,1,0,0,1,0,0,0,1,0,0,0,0,0
2024,002,Che Flores,25,323,185,73,16,1,9,17,8,1,3,0,0,4,0,2,0,0,0,0,0,0,0,0,0,1,0,0,0,0,0
2024,002,Clare Aubry,3,31,14,12,0,1,1,1,1,0,0,0,0,1,0,0,0,0,0,0,0,0,0,0,0,0,0,0,0,0,0
2024,002,Courtney Kirkland,41,565,272,143,38,14,7,41,14,4,8,0,5,9,0,0,2,1,0,2,0,0,0,1,0,2,0,0,0,0,0
2024,002,Curtis Blair,50,735,296,272,40,9,14,39,17,9,4,0,14,11,0,2,3,3,0,0,0,0,0,0,0,0,0,0,0,0,0
2024,002,Danielle Scott,30,377,187,108,25,6,10,26,9,3,0,0,0,0,0,0,0,1,0,0,0,0,0,0,0,0,0,0,0,0,0
2024,002,Dannica Mosher,27,357,183,95,22,2,5,18,6,11,6,0,3,2,0,1,0,0,0,0,0,0,0,0,0,0,0,0,0,0,0
2024,002,David Guthrie,41,536,206,174,24,14,21,29,10,14,11,0,16,8,0,1,1,2,0,2,0,0,1,0,0,0,0,0,0,0,0
2024,002,Dedric Taylor,48,640,334,164,29,10,7,37,16,9,13,0,3,12,0,2,1,0,0,0,0,0,0,0,1,1,0,0,0,0,0
2024,002,Derek Richardson,32,435,231,117,21,10,15,18,4,2,7,0,2,1,0,2,0,0,0,2,0,0,0,0,0,0,0,0,0,0,0
2024,002,Derrick Collins,35,403,209,126,15,7,5,24,6,1,6,0,2,2,0,0,0,0,0,0,0,0,0,0,0,0,0,0,0,0,0
2024,002,Ed Malloy,45,571,281,160,26,10,8,34,10,12,12,0,6,4,0,1,1,3,1,0,0,0,0,0,0,1,0,0,0,0,0
2024,002,Eric Dalen,47,611,318,171,24,19,13,27,13,7,6,0,3,6,0,1,1,0,0,0,0,0,0,0,0,0,0,0,0,0,0
2024,002,Evan Scott,34,471,249,114,25,10,10,26,2,13,6,0,6,4,0,0,0,0,0,0,0,0,0,1,0,0,0,0,0,0,0
2024,002,Gediminas Petraitis,52,686,320,199,34,9,15,59,10,13,5,0,5,4,0,0,2,2,3,0,0,1,0,0,0,0,0,0,0,0,0
2024,002,Intae Hwang,28,285,159,61,13,4,7,11,4,6,11,0,3,3,0,2,0,0,0,0,0,1,0,0,0,0,0,0,0,0,0
2024,002,J.T. Orr,43,615,297,148,44,16,14,33,13,9,6,0,19,8,0,0,1,1,0,0,0,1,0,0,0,1,0,0,0,0,0
2024,002,JB DeRosa,51,769,392,208,46,8,16,46,17,15,8,0,2,2,0,1,0,2,0,0,0,2,0,0,0,1,0,0,0,0,0
2024,002,JD Ralls,8,109,45,43,8,1,0,5,0,0,2,0,0,1,0,0,0,0,0,0,0,1,0,0,0,0,0,0,0,0,0
2024,002,Jacyn Goble,52,698,374,162,30,7,20,52,14,16,4,0,3,5,0,2,1,2,0,0,0,0,0,2,0,1,0,0,0,0,0
2024,002,James Capers,35,481,210,144,49,7,13,20,7,5,9,0,2,2,0,1,1,5,1,0,0,0,0,1,0,0,0,0,0,0,0
2024,002,James Williams,51,707,300,192,50,8,17,50,11,21,12,0,21,8,0,2,3,1,1,0,0,4,0,0,0,1,0,0,0,0,0
2024,002,Jason Goldenberg,36,487,250,100,40,6,13,36,2,19,7,0,5,3,0,0,2,0,0,0,0,0,0,0,0,0,0,0,0,0,0
2024,002,Jenna Reneau,7,83,40,29,5,0,1,5,1,1,0,0,1,0,0,0,0,0,0,0,0,0,0,0,0,0,0,0,0,0,0
2024,002,Jenna Schroeder,33,431,233,115,14,8,11,22,6,4,5,0,3,5,0,2,0,0,0,0,0,0,0,0,1,0,0,0,0,0,0
2024,002,John Butler,43,579,289,162,22,11,16,36,9,9,5,0,6,3,0,1,3,0,0,4,0,0,0,0,0,0,0,0,0,0,0
2024,002,John Conley,28,337,184,77,21,5,6,17,10,0,6,0,1,3,0,2,0,0,0,0,0,0,0,0,0,0,0,0,0,0,0
2024,002,John Goble,12,187,88,62,12,3,0,8,3,0,5,0,1,2,0,0,0,1,0,0,0,0,0,0,0,0,0,0,0,0,0
2024,002,Jonathan Sterling,31,438,198,119,33,5,6,36,10,5,7,0,9,2,0,1,3,0,0,0,0,0,0,0,0,0,0,0,0,0,0
2024,002,Josh Tiven,51,700,296,205,38,18,16,59,10,17,9,0,5,8,0,3,2,5,0,0,0,2,0,0,2,2,0,0,0,0,0
2024,002,Justin Van Duyne,52,735,327,194,45,14,24,66,6,17,12,0,19,5,0,3,2,0,0,0,0,0,0,0,0,1,0,0,0,0,0
2024,002,Karl Lane,50,680,317,209,42,13,12,41,13,8,8,0,9,2,0,1,0,1,0,0,0,0,0,0,0,0,0,0,0,0,0
2024,002,Kevin Cutler,41,599,284,167,40,8,12,36,14,7,6,0,14,6,0,0,0,0,2,0,0,0,0,1,0,0,0,0,0,0,0
2024,002,Kevin Scott,49,658,319,200,38,16,10,23,14,17,7,0,0,7,0,2,0,2,1,0,0,1,0,0,0,0,0,0,0,0,0
2024,002,Lauren Holtkamp,15,202,117,45,7,2,4,13,3,3,0,0,2,2,0,0,1,0,1,0,0,0,0,0,0,1,0,0,0,0,0
2024,002,Leon Wood,29,395,199,122,23,3,10,19,4,0,4,0,3,4,0,1,2,0,0,0,0,0,0,0,1,0,0,0,0,0,0
2024,002,Marat Kogut,45,657,284,223,28,9,18,44,12,12,6,0,8,4,0,1,2,1,0,0,0,0,0,0,0,1,0,0,0,0,0
2024,002,Marc Davis,48,590,278,157,20,26,10,32,12,6,16,0,3,11,0,1,2,2,1,0,0,1,1,1,1,0,0,0,0,0,0
2024,002,Mark Lindsay,51,764,384,215,36,11,13,28,13,6,10,0,30,12,0,1,0,1,0,0,0,0,0,0,1,1,0,0,0,0,0
2024,002,Matt Boland,25,316,160,88,21,8,2,11,9,2,2,0,7,2,0,1,2,0,0,0,0,0,0,0,0,0,0,0,0,0,0
2024,002,Matt Kallio,29,354,199,68,16,6,7,24,6,11,1,0,11,2,0,1,2,0,0,0,0,0,0,0,0,0,0,0,0,0,0
2024,002,Matt Myers,36,516,246,150,39,6,5,31,4,7,6,0,5,6,0,5,2,0,0,0,0,0,1,0,0,0,0,0,0,0,0
2024,002,Michael Smith,43,688,295,219,38,17,13,49,4,10,7,0,26,5,0,1,2,0,0,0,0,1,0,0,0,0,0,0,0,0,0
2024,002,Mitchell Ervin,51,855,396,239,64,20,15,44,15,12,13,0,10,8,0,4,5,0,0,2,0,1,0,1,0,2,0,0,0,0,0
2024,002,Mousa Dagher,38,487,240,136,40,3,7,32,9,2,8,0,0,4,0,3,0,0,0,0,0,0,0,0,0,0,0,0,0,0,0
2024,002,Natalie Sago,51,568,291,137,22,11,17,37,13,15,6,0,5,5,0,2,0,0,0,0,0,1,0,0,0,2,0,0,0,0,0
2024,002,Nate Green,32,432,211,130,26,4,11,25,4,8,3,0,5,4,0,0,0,0,1,0,0,0,0,0,0,0,0,0,0,0,0
2024,002,Nick Buchert,48,771,340,241,40,17,7,47,15,12,15,0,11,12,0,4,2,0,0,0,0,2,0,0,0,3,0,0,0,0,0
2024,002,Pat Fraher,52,743,370,191,41,19,19,40,15,9,5,0,15,10,0,0,1,0,0,0,0,0,0,0,0,1,0,0,0,0,0
2024,002,Pat O'Connell,7,93,54,15,5,3,2,7,2,0,1,0,0,1,0,1,0,0,0,0,0,0,0,0,0,1,0,0,0,0,0
2024,002,Phenizee Ransom,44,584,285,194,25,11,8,33,11,7,2,0,1,2,0,0,0,0,1,0,0,1,0,0,0,0,0,0,0,0,0
2024,002,Ray Acosta,51,648,327,152,33,18,21,48,11,12,7,0,7,5,0,1,1,3,0,0,0,0,0,0,0,0,0,0,0,0,0
2024,002,Robert Hussey,28,381,217,97,19,6,5,17,6,1,4,0,1,3,0,0,1,1,0,0,0,0,0,0,0,0,0,0,0,0,0
2024,002,Rodney Mott,30,505,206,143,49,10,9,36,7,9,9,0,8,9,0,1,2,1,0,0,0,1,0,0,0,0,0,0,0,0,0
2024,002,Scott Foster,49,851,364,241,69,13,15,65,19,15,20,0,9,7,0,4,1,2,0,0,0,0,1,0,0,2,0,0,0,0,0
2024,002,Scott Twardoski,49,649,309,189,28,9,8,43,10,7,9,0,20,9,0,1,3,0,1,0,0,0,1,0,0,0,0,0,0,0,0
2024,002,Scott Wall,29,453,226,130,22,14,3,18,15,3,9,0,2,2,0,0,1,0,0,2,0,0,0,0,0,0,0,0,1,0,0
2024,002,Sean Corbin,45,579,274,176,12,13,18,32,18,12,9,0,6,4,0,0,1,1,0,0,0,0,0,0,0,0,1,0,0,0,0
2024,002,Sean Wright,50,770,371,240,54,12,27,26,7,9,5,0,4,4,0,4,3,1,0,0,0,1,0,0,0,0,0,0,0,0,0
2024,002,Sha'Rae Mitchell,28,320,157,99,17,4,10,17,6,0,6,0,0,2,0,0,0,0,0,0,0,0,0,0,0,0,0,0,0,0,0
2024,002,Suyash Mehta,30,421,222,103,20,9,12,23,5,12,1,0,4,3,0,0,0,0,1,0,0,3,1,0,0,0,0,0,0,0,1
2024,002,Tom Washington,44,498,241,167,21,12,9,21,7,3,6,0,4,6,0,0,0,0,0,0,0,0,0,0,0,0,0,0,0,0,0
2024,002,Tony Brothers,47,718,317,219,26,7,21,41,15,21,8,0,20,13,0,4,2,0,0,0,0,1,0,0,0,0,0,0,0,0,0
2024,002,Tre Maddox,23,314,145,89,17,2,13,25,5,5,4,0,2,6,0,0,0,0,0,0,0,0,0,0,0,1,0,0,0,0,0
2024,002,Tyler Ford,51,779,342,209,61,15,9,69,20,7,14,0,16,6,0,1,0,3,0,0,0,0,1,0,1,0,0,0,0,0,0
2024,002,Tyler Mirkovich,7,90,44,21,9,2,3,4,3,1,1,0,0,0,0,0,1,0,0,0,0,0,1,0,0,0,0,0,0,0,0
2024,002,Tyler Ricks,8,137,66,39,7,2,3,12,3,1,0,0,0,1,0,1,0,0,0,0,0,0,0,0,0,1,0,0,0,0,0
2024,002,Zach Zarba,51,757,338,236,60,11,15,31,26,8,16,0,4,3,0,2,2,2,0,0,0,0,0,0,0,0,0,0,0,0,0
2024,002,NA,3,3,2,0,0,0,0,0,0,0,0,0,0,0,0,0,0,0,0,1,0,0,0,0,0,0,0,0,0,0,0
